sku;name;category;price;stock;locationCode
XO297;ANILLO LAMINADO XO297;Anillos;38000;10;1
XO328;ANILLO LAMINADO XO328;Anillos;46000;10;2
XO376;ANILLO LAMINADO XO376;Anillos;159000;10;3
XO381;ANILLO LAMINADO XO381;Anillos;95000;10;4
XO382;ANILLO LAMINADO XO382;Anillos;95000;10;5
XO388;ANILLO LAMINADO XO388;Anillos;36000;10;6
XO393;ANILLO LAMINADO XO393;Anillos;159000;10;7
XO394;ANILLO LAMINADO XO394;Anillos;64000;10;8
XO396;ANILLO LAMINADO XO396;Anillos;98000;10;9
XO397;ANILLO LAMINADO XO397;Anillos;90000;10;10
XO399;ANILLO LAMINADO XO399;Anillos;97000;10;11
XO400;ANILLO LAMINADO XO400;Anillos;285000;10;12
XO401;ANILLO LAMINADO XO401;Anillos;70000;10;13
XO402;ANILLO LAMINADO XO402;Anillos;38000;10;14
XO407;ANILLO LAMINADO XO407;Anillos;64000;10;15
XO454;ANILLO LAMINADO XO454;Anillos;128000;10;16
XO477;ANILLO LAMINADO XO477;Anillos;53000;10;17
XO516;ANILLO LAMINADO XO516;Anillos;69000;10;18
XO601;ANILLO LAMINADO XO601;Anillos;43000;10;19
YL0300-1;ANILLO LAMINADO YL0300-1;Anillos;92000;10;20
YL0300-2;ANILLO LAMINADO YL0300-2;Anillos;45000;10;21
YL0300-3;ANILLO LAMINADO YL0300-3;Anillos;92000;10;22
YL0300-4;ANILLO LAMINADO YL0300-4;Anillos;68000;10;23
YL0300-5;ANILLO LAMINADO YL0300-5;Anillos;69000;10;24
11CAR001;ANILLO PLATA 11CAR001;Anillos;40000;10;25
11CAR002;ANILLO PLATA 11CAR002;Anillos;48000;10;26
11CAR003;ANILLO PLATA 11CAR003;Anillos;35000;10;27
TST-LAM-TOPO-0001;TOPO LAMINADO PRUEBA TST-LAM-TOPO-0001;Topos;49000;5;TST-01-01
TST-LAM-CANDONGA-0002;CANDONGA LAMINADO PRUEBA TST-LAM-CANDONGA-0002;Candongas;83000;6;TST-01-02
TST-LAM-EARCUFF-0003;EARCUFF LAMINADO PRUEBA TST-LAM-EARCUFF-0003;Earcuff;117000;7;TST-01-03
TST-LAM-CADENA-0004;CADENA LAMINADO PRUEBA TST-LAM-CADENA-0004;Cadenas;151000;8;TST-01-04
TST-LAM-DIJE-0005;DIJE LAMINADO PRUEBA TST-LAM-DIJE-0005;Dijes;17000;9;TST-01-05
TST-LAM-COLLAR-0006;COLLAR LAMINADO PRUEBA TST-LAM-COLLAR-0006;Collares;51000;10;TST-01-06
TST-LAM-ANILLO-0007;ANILLO LAMINADO PRUEBA TST-LAM-ANILLO-0007;Anillos;85000;2;TST-01-07
TST-LAM-PULSERA-0008;PULSERA LAMINADO PRUEBA TST-LAM-PULSERA-0008;Pulseras;119000;12;TST-01-08
TST-LAM-TOBILLERA-0009;TOBILLERA LAMINADO PRUEBA TST-LAM-TOBILLERA-0009;Tobilleras;153000;13;TST-01-09
TST-LAM-BALIN-0010;BALIN LAMINADO PRUEBA TST-LAM-BALIN-0010;Balines;19000;0;TST-01-10
TST-LAM-HERRAJE-0011;HERRAJE LAMINADO PRUEBA TST-LAM-HERRAJE-0011;Herrajes;53000;15;TST-01-11
TST-LAM-BARRIL-0012;BARRIL LAMINADO PRUEBA TST-LAM-BARRIL-0012;Barriles;87000;16;TST-01-12
TST-PLA-TOPO-0013;TOPO PLATA PRUEBA TST-PLA-TOPO-0013;Topos;121000;17;TST-01-13
TST-PLA-CANDONGA-0014;CANDONGA PLATA PRUEBA TST-PLA-CANDONGA-0014;Candongas;155000;3;TST-01-14
TST-PLA-EARCUFF-0015;EARCUFF PLATA PRUEBA TST-PLA-EARCUFF-0015;Earcuff;21000;19;TST-01-15
TST-PLA-CADENA-0016;CADENA PLATA PRUEBA TST-PLA-CADENA-0016;Cadenas;55000;20;TST-01-16
TST-PLA-DIJE-0017;DIJE PLATA PRUEBA TST-PLA-DIJE-0017;Dijes;89000;21;TST-01-17
TST-PLA-COLLAR-0018;COLLAR PLATA PRUEBA TST-PLA-COLLAR-0018;Collares;123000;22;TST-01-18
TST-PLA-ANILLO-0019;ANILLO PLATA PRUEBA TST-PLA-ANILLO-0019;Anillos;157000;23;TST-01-19
TST-PLA-PULSERA-0020;PULSERA PLATA PRUEBA TST-PLA-PULSERA-0020;Pulseras;23000;0;TST-01-20
TST-PLA-TOBILLERA-0021;TOBILLERA PLATA PRUEBA TST-PLA-TOBILLERA-0021;Tobilleras;57000;1;TST-01-21
TST-PLA-BALIN-0022;BALIN PLATA PRUEBA TST-PLA-BALIN-0022;Balines;91000;26;TST-01-22
TST-PLA-HERRAJE-0023;HERRAJE PLATA PRUEBA TST-PLA-HERRAJE-0023;Herrajes;125000;27;TST-01-23
TST-PLA-BARRIL-0024;BARRIL PLATA PRUEBA TST-PLA-BARRIL-0024;Barriles;159000;28;TST-01-24
TST-ROD-TOPO-0025;TOPO RODIO PRUEBA TST-ROD-TOPO-0025;Topos;25000;29;TST-01-25
TST-ROD-CANDONGA-0026;CANDONGA RODIO PRUEBA TST-ROD-CANDONGA-0026;Candongas;59000;30;TST-01-26
TST-ROD-EARCUFF-0027;EARCUFF RODIO PRUEBA TST-ROD-EARCUFF-0027;Earcuff;93000;31;TST-01-27
TST-ROD-CADENA-0028;CADENA RODIO PRUEBA TST-ROD-CADENA-0028;Cadenas;127000;2;TST-01-28
TST-ROD-DIJE-0029;DIJE RODIO PRUEBA TST-ROD-DIJE-0029;Dijes;161000;33;TST-01-29
TST-ROD-COLLAR-0030;COLLAR RODIO PRUEBA TST-ROD-COLLAR-0030;Collares;27000;0;TST-01-30
TST-ROD-ANILLO-0031;ANILLO RODIO PRUEBA TST-ROD-ANILLO-0031;Anillos;61000;35;TST-01-31
TST-ROD-PULSERA-0032;PULSERA RODIO PRUEBA TST-ROD-PULSERA-0032;Pulseras;95000;36;TST-01-32
TST-ROD-TOBILLERA-0033;TOBILLERA RODIO PRUEBA TST-ROD-TOBILLERA-0033;Tobilleras;129000;37;TST-01-33
TST-ROD-BALIN-0034;BALIN RODIO PRUEBA TST-ROD-BALIN-0034;Balines;163000;38;TST-01-34
TST-ROD-HERRAJE-0035;HERRAJE RODIO PRUEBA TST-ROD-HERRAJE-0035;Herrajes;29000;3;TST-01-35
TST-ROD-BARRIL-0036;BARRIL RODIO PRUEBA TST-ROD-BARRIL-0036;Barriles;63000;40;TST-01-36
TST-LAM-TOPO-0037;TOPO LAMINADO PRUEBA TST-LAM-TOPO-0037;Topos;97000;4;TST-01-37
TST-LAM-CANDONGA-0038;CANDONGA LAMINADO PRUEBA TST-LAM-CANDONGA-0038;Candongas;131000;5;TST-01-38
TST-LAM-EARCUFF-0039;EARCUFF LAMINADO PRUEBA TST-LAM-EARCUFF-0039;Earcuff;165000;6;TST-01-39
TST-LAM-CADENA-0040;CADENA LAMINADO PRUEBA TST-LAM-CADENA-0040;Cadenas;31000;0;TST-01-40
TST-LAM-DIJE-0041;DIJE LAMINADO PRUEBA TST-LAM-DIJE-0041;Dijes;65000;8;TST-01-41
TST-LAM-COLLAR-0042;COLLAR LAMINADO PRUEBA TST-LAM-COLLAR-0042;Collares;99000;1;TST-01-42
TST-LAM-ANILLO-0043;ANILLO LAMINADO PRUEBA TST-LAM-ANILLO-0043;Anillos;133000;10;TST-01-43
TST-LAM-PULSERA-0044;PULSERA LAMINADO PRUEBA TST-LAM-PULSERA-0044;Pulseras;167000;11;TST-01-44
TST-LAM-TOBILLERA-0045;TOBILLERA LAMINADO PRUEBA TST-LAM-TOBILLERA-0045;Tobilleras;33000;12;TST-01-45
TST-LAM-BALIN-0046;BALIN LAMINADO PRUEBA TST-LAM-BALIN-0046;Balines;67000;13;TST-01-46
TST-LAM-HERRAJE-0047;HERRAJE LAMINADO PRUEBA TST-LAM-HERRAJE-0047;Herrajes;101000;14;TST-01-47
TST-LAM-BARRIL-0048;BARRIL LAMINADO PRUEBA TST-LAM-BARRIL-0048;Barriles;135000;15;TST-01-48
TST-PLA-TOPO-0049;TOPO PLATA PRUEBA TST-PLA-TOPO-0049;Topos;169000;2;TST-01-49
TST-PLA-CANDONGA-0050;CANDONGA PLATA PRUEBA TST-PLA-CANDONGA-0050;Candongas;35000;0;TST-01-50
TST-PLA-EARCUFF-0051;EARCUFF PLATA PRUEBA TST-PLA-EARCUFF-0051;Earcuff;69000;18;TST-02-01
TST-PLA-CADENA-0052;CADENA PLATA PRUEBA TST-PLA-CADENA-0052;Cadenas;103000;19;TST-02-02
TST-PLA-DIJE-0053;DIJE PLATA PRUEBA TST-PLA-DIJE-0053;Dijes;137000;20;TST-02-03
TST-PLA-COLLAR-0054;COLLAR PLATA PRUEBA TST-PLA-COLLAR-0054;Collares;171000;21;TST-02-04
TST-PLA-ANILLO-0055;ANILLO PLATA PRUEBA TST-PLA-ANILLO-0055;Anillos;37000;22;TST-02-05
TST-PLA-PULSERA-0056;PULSERA PLATA PRUEBA TST-PLA-PULSERA-0056;Pulseras;71000;3;TST-02-06
TST-PLA-TOBILLERA-0057;TOBILLERA PLATA PRUEBA TST-PLA-TOBILLERA-0057;Tobilleras;105000;24;TST-02-07
TST-PLA-BALIN-0058;BALIN PLATA PRUEBA TST-PLA-BALIN-0058;Balines;139000;25;TST-02-08
TST-PLA-HERRAJE-0059;HERRAJE PLATA PRUEBA TST-PLA-HERRAJE-0059;Herrajes;173000;26;TST-02-09
TST-PLA-BARRIL-0060;BARRIL PLATA PRUEBA TST-PLA-BARRIL-0060;Barriles;39000;0;TST-02-10
TST-ROD-TOPO-0061;TOPO RODIO PRUEBA TST-ROD-TOPO-0061;Topos;73000;28;TST-02-11
TST-ROD-CANDONGA-0062;CANDONGA RODIO PRUEBA TST-ROD-CANDONGA-0062;Candongas;107000;29;TST-02-12
TST-ROD-EARCUFF-0063;EARCUFF RODIO PRUEBA TST-ROD-EARCUFF-0063;Earcuff;141000;1;TST-02-13
TST-ROD-CADENA-0064;CADENA RODIO PRUEBA TST-ROD-CADENA-0064;Cadenas;175000;31;TST-02-14
TST-ROD-DIJE-0065;DIJE RODIO PRUEBA TST-ROD-DIJE-0065;Dijes;41000;32;TST-02-15
TST-ROD-COLLAR-0066;COLLAR RODIO PRUEBA TST-ROD-COLLAR-0066;Collares;75000;33;TST-02-16
TST-ROD-ANILLO-0067;ANILLO RODIO PRUEBA TST-ROD-ANILLO-0067;Anillos;109000;34;TST-02-17
TST-ROD-PULSERA-0068;PULSERA RODIO PRUEBA TST-ROD-PULSERA-0068;Pulseras;143000;35;TST-02-18
TST-ROD-TOBILLERA-0069;TOBILLERA RODIO PRUEBA TST-ROD-TOBILLERA-0069;Tobilleras;177000;36;TST-02-19
TST-ROD-BALIN-0070;BALIN RODIO PRUEBA TST-ROD-BALIN-0070;Balines;43000;0;TST-02-20
TST-ROD-HERRAJE-0071;HERRAJE RODIO PRUEBA TST-ROD-HERRAJE-0071;Herrajes;77000;38;TST-02-21
TST-ROD-BARRIL-0072;BARRIL RODIO PRUEBA TST-ROD-BARRIL-0072;Barriles;111000;39;TST-02-22
TST-LAM-TOPO-0073;TOPO LAMINADO PRUEBA TST-LAM-TOPO-0073;Topos;145000;40;TST-02-23
TST-LAM-CANDONGA-0074;CANDONGA LAMINADO PRUEBA TST-LAM-CANDONGA-0074;Candongas;179000;4;TST-02-24
TST-LAM-EARCUFF-0075;EARCUFF LAMINADO PRUEBA TST-LAM-EARCUFF-0075;Earcuff;45000;5;TST-02-25
TST-LAM-CADENA-0076;CADENA LAMINADO PRUEBA TST-LAM-CADENA-0076;Cadenas;79000;6;TST-02-26
TST-LAM-DIJE-0077;DIJE LAMINADO PRUEBA TST-LAM-DIJE-0077;Dijes;113000;3;TST-02-27
TST-LAM-COLLAR-0078;COLLAR LAMINADO PRUEBA TST-LAM-COLLAR-0078;Collares;147000;8;TST-02-28
TST-LAM-ANILLO-0079;ANILLO LAMINADO PRUEBA TST-LAM-ANILLO-0079;Anillos;181000;9;TST-02-29
TST-LAM-PULSERA-0080;PULSERA LAMINADO PRUEBA TST-LAM-PULSERA-0080;Pulseras;47000;0;TST-02-30
TST-LAM-TOBILLERA-0081;TOBILLERA LAMINADO PRUEBA TST-LAM-TOBILLERA-0081;Tobilleras;81000;11;TST-02-31
TST-LAM-BALIN-0082;BALIN LAMINADO PRUEBA TST-LAM-BALIN-0082;Balines;115000;12;TST-02-32
TST-LAM-HERRAJE-0083;HERRAJE LAMINADO PRUEBA TST-LAM-HERRAJE-0083;Herrajes;149000;13;TST-02-33
TST-LAM-BARRIL-0084;BARRIL LAMINADO PRUEBA TST-LAM-BARRIL-0084;Barriles;15000;1;TST-02-34
TST-PLA-TOPO-0085;TOPO PLATA PRUEBA TST-PLA-TOPO-0085;Topos;49000;15;TST-02-35
TST-PLA-CANDONGA-0086;CANDONGA PLATA PRUEBA TST-PLA-CANDONGA-0086;Candongas;83000;16;TST-02-36
TST-PLA-EARCUFF-0087;EARCUFF PLATA PRUEBA TST-PLA-EARCUFF-0087;Earcuff;117000;17;TST-02-37
TST-PLA-CADENA-0088;CADENA PLATA PRUEBA TST-PLA-CADENA-0088;Cadenas;151000;18;TST-02-38
TST-PLA-DIJE-0089;DIJE PLATA PRUEBA TST-PLA-DIJE-0089;Dijes;17000;19;TST-02-39
TST-PLA-COLLAR-0090;COLLAR PLATA PRUEBA TST-PLA-COLLAR-0090;Collares;51000;0;TST-02-40
TST-PLA-ANILLO-0091;ANILLO PLATA PRUEBA TST-PLA-ANILLO-0091;Anillos;85000;2;TST-02-41
TST-PLA-PULSERA-0092;PULSERA PLATA PRUEBA TST-PLA-PULSERA-0092;Pulseras;119000;22;TST-02-42
TST-PLA-TOBILLERA-0093;TOBILLERA PLATA PRUEBA TST-PLA-TOBILLERA-0093;Tobilleras;153000;23;TST-02-43
TST-PLA-BALIN-0094;BALIN PLATA PRUEBA TST-PLA-BALIN-0094;Balines;19000;24;TST-02-44
TST-PLA-HERRAJE-0095;HERRAJE PLATA PRUEBA TST-PLA-HERRAJE-0095;Herrajes;53000;25;TST-02-45
TST-PLA-BARRIL-0096;BARRIL PLATA PRUEBA TST-PLA-BARRIL-0096;Barriles;87000;26;TST-02-46
TST-ROD-TOPO-0097;TOPO RODIO PRUEBA TST-ROD-TOPO-0097;Topos;121000;27;TST-02-47
TST-ROD-CANDONGA-0098;CANDONGA RODIO PRUEBA TST-ROD-CANDONGA-0098;Candongas;155000;3;TST-02-48
TST-ROD-EARCUFF-0099;EARCUFF RODIO PRUEBA TST-ROD-EARCUFF-0099;Earcuff;21000;29;TST-02-49
TST-ROD-CADENA-0100;CADENA RODIO PRUEBA TST-ROD-CADENA-0100;Cadenas;55000;0;TST-02-50
TST-ROD-DIJE-0101;DIJE RODIO PRUEBA TST-ROD-DIJE-0101;Dijes;89000;31;TST-03-01
TST-ROD-COLLAR-0102;COLLAR RODIO PRUEBA TST-ROD-COLLAR-0102;Collares;123000;32;TST-03-02
TST-ROD-ANILLO-0103;ANILLO RODIO PRUEBA TST-ROD-ANILLO-0103;Anillos;157000;33;TST-03-03
TST-ROD-PULSERA-0104;PULSERA RODIO PRUEBA TST-ROD-PULSERA-0104;Pulseras;23000;34;TST-03-04
TST-ROD-TOBILLERA-0105;TOBILLERA RODIO PRUEBA TST-ROD-TOBILLERA-0105;Tobilleras;57000;1;TST-03-05
TST-ROD-BALIN-0106;BALIN RODIO PRUEBA TST-ROD-BALIN-0106;Balines;91000;36;TST-03-06
TST-ROD-HERRAJE-0107;HERRAJE RODIO PRUEBA TST-ROD-HERRAJE-0107;Herrajes;125000;37;TST-03-07
TST-ROD-BARRIL-0108;BARRIL RODIO PRUEBA TST-ROD-BARRIL-0108;Barriles;159000;38;TST-03-08
TST-LAM-TOPO-0109;TOPO LAMINADO PRUEBA TST-LAM-TOPO-0109;Topos;25000;39;TST-03-09
TST-LAM-CANDONGA-0110;CANDONGA LAMINADO PRUEBA TST-LAM-CANDONGA-0110;Candongas;59000;0;TST-03-10
TST-LAM-EARCUFF-0111;EARCUFF LAMINADO PRUEBA TST-LAM-EARCUFF-0111;Earcuff;93000;4;TST-03-11
TST-LAM-CADENA-0112;CADENA LAMINADO PRUEBA TST-LAM-CADENA-0112;Cadenas;127000;2;TST-03-12
TST-LAM-DIJE-0113;DIJE LAMINADO PRUEBA TST-LAM-DIJE-0113;Dijes;161000;6;TST-03-13
TST-LAM-COLLAR-0114;COLLAR LAMINADO PRUEBA TST-LAM-COLLAR-0114;Collares;27000;7;TST-03-14
TST-LAM-ANILLO-0115;ANILLO LAMINADO PRUEBA TST-LAM-ANILLO-0115;Anillos;61000;8;TST-03-15
TST-LAM-PULSERA-0116;PULSERA LAMINADO PRUEBA TST-LAM-PULSERA-0116;Pulseras;95000;9;TST-03-16
TST-LAM-TOBILLERA-0117;TOBILLERA LAMINADO PRUEBA TST-LAM-TOBILLERA-0117;Tobilleras;129000;10;TST-03-17
TST-LAM-BALIN-0118;BALIN LAMINADO PRUEBA TST-LAM-BALIN-0118;Balines;163000;11;TST-03-18
TST-LAM-HERRAJE-0119;HERRAJE LAMINADO PRUEBA TST-LAM-HERRAJE-0119;Herrajes;29000;3;TST-03-19
TST-LAM-BARRIL-0120;BARRIL LAMINADO PRUEBA TST-LAM-BARRIL-0120;Barriles;63000;0;TST-03-20
TST-PLA-TOPO-0121;TOPO PLATA PRUEBA TST-PLA-TOPO-0121;Topos;97000;14;TST-03-21
TST-PLA-CANDONGA-0122;CANDONGA PLATA PRUEBA TST-PLA-CANDONGA-0122;Candongas;131000;15;TST-03-22
TST-PLA-EARCUFF-0123;EARCUFF PLATA PRUEBA TST-PLA-EARCUFF-0123;Earcuff;165000;16;TST-03-23
TST-PLA-CADENA-0124;CADENA PLATA PRUEBA TST-PLA-CADENA-0124;Cadenas;31000;17;TST-03-24
TST-PLA-DIJE-0125;DIJE PLATA PRUEBA TST-PLA-DIJE-0125;Dijes;65000;18;TST-03-25
TST-PLA-COLLAR-0126;COLLAR PLATA PRUEBA TST-PLA-COLLAR-0126;Collares;99000;1;TST-03-26
TST-PLA-ANILLO-0127;ANILLO PLATA PRUEBA TST-PLA-ANILLO-0127;Anillos;133000;20;TST-03-27
TST-PLA-PULSERA-0128;PULSERA PLATA PRUEBA TST-PLA-PULSERA-0128;Pulseras;167000;21;TST-03-28
TST-PLA-TOBILLERA-0129;TOBILLERA PLATA PRUEBA TST-PLA-TOBILLERA-0129;Tobilleras;33000;22;TST-03-29
TST-PLA-BALIN-0130;BALIN PLATA PRUEBA TST-PLA-BALIN-0130;Balines;67000;0;TST-03-30
TST-PLA-HERRAJE-0131;HERRAJE PLATA PRUEBA TST-PLA-HERRAJE-0131;Herrajes;101000;24;TST-03-31
TST-PLA-BARRIL-0132;BARRIL PLATA PRUEBA TST-PLA-BARRIL-0132;Barriles;135000;25;TST-03-32
TST-ROD-TOPO-0133;TOPO RODIO PRUEBA TST-ROD-TOPO-0133;Topos;169000;2;TST-03-33
TST-ROD-CANDONGA-0134;CANDONGA RODIO PRUEBA TST-ROD-CANDONGA-0134;Candongas;35000;27;TST-03-34
TST-ROD-EARCUFF-0135;EARCUFF RODIO PRUEBA TST-ROD-EARCUFF-0135;Earcuff;69000;28;TST-03-35
TST-ROD-CADENA-0136;CADENA RODIO PRUEBA TST-ROD-CADENA-0136;Cadenas;103000;29;TST-03-36
TST-ROD-DIJE-0137;DIJE RODIO PRUEBA TST-ROD-DIJE-0137;Dijes;137000;30;TST-03-37
TST-ROD-COLLAR-0138;COLLAR RODIO PRUEBA TST-ROD-COLLAR-0138;Collares;171000;31;TST-03-38
TST-ROD-ANILLO-0139;ANILLO RODIO PRUEBA TST-ROD-ANILLO-0139;Anillos;37000;32;TST-03-39
TST-ROD-PULSERA-0140;PULSERA RODIO PRUEBA TST-ROD-PULSERA-0140;Pulseras;71000;0;TST-03-40
TST-ROD-TOBILLERA-0141;TOBILLERA RODIO PRUEBA TST-ROD-TOBILLERA-0141;Tobilleras;105000;34;TST-03-41
TST-ROD-BALIN-0142;BALIN RODIO PRUEBA TST-ROD-BALIN-0142;Balines;139000;35;TST-03-42
TST-ROD-HERRAJE-0143;HERRAJE RODIO PRUEBA TST-ROD-HERRAJE-0143;Herrajes;173000;36;TST-03-43
TST-ROD-BARRIL-0144;BARRIL RODIO PRUEBA TST-ROD-BARRIL-0144;Barriles;39000;37;TST-03-44
TST-LAM-TOPO-0145;TOPO LAMINADO PRUEBA TST-LAM-TOPO-0145;Topos;73000;38;TST-03-45
TST-LAM-CANDONGA-0146;CANDONGA LAMINADO PRUEBA TST-LAM-CANDONGA-0146;Candongas;107000;39;TST-03-46
TST-LAM-EARCUFF-0147;EARCUFF LAMINADO PRUEBA TST-LAM-EARCUFF-0147;Earcuff;141000;1;TST-03-47
TST-LAM-CADENA-0148;CADENA LAMINADO PRUEBA TST-LAM-CADENA-0148;Cadenas;175000;4;TST-03-48
TST-LAM-DIJE-0149;DIJE LAMINADO PRUEBA TST-LAM-DIJE-0149;Dijes;41000;5;TST-03-49
TST-LAM-COLLAR-0150;COLLAR LAMINADO PRUEBA TST-LAM-COLLAR-0150;Collares;75000;0;TST-03-50
TST-LAM-ANILLO-0151;ANILLO LAMINADO PRUEBA TST-LAM-ANILLO-0151;Anillos;109000;7;TST-04-01
TST-LAM-PULSERA-0152;PULSERA LAMINADO PRUEBA TST-LAM-PULSERA-0152;Pulseras;143000;8;TST-04-02
TST-LAM-TOBILLERA-0153;TOBILLERA LAMINADO PRUEBA TST-LAM-TOBILLERA-0153;Tobilleras;177000;9;TST-04-03
TST-LAM-BALIN-0154;BALIN LAMINADO PRUEBA TST-LAM-BALIN-0154;Balines;43000;2;TST-04-04
TST-LAM-HERRAJE-0155;HERRAJE LAMINADO PRUEBA TST-LAM-HERRAJE-0155;Herrajes;77000;11;TST-04-05
TST-LAM-BARRIL-0156;BARRIL LAMINADO PRUEBA TST-LAM-BARRIL-0156;Barriles;111000;12;TST-04-06
TST-PLA-TOPO-0157;TOPO PLATA PRUEBA TST-PLA-TOPO-0157;Topos;145000;13;TST-04-07
TST-PLA-CANDONGA-0158;CANDONGA PLATA PRUEBA TST-PLA-CANDONGA-0158;Candongas;179000;14;TST-04-08
TST-PLA-EARCUFF-0159;EARCUFF PLATA PRUEBA TST-PLA-EARCUFF-0159;Earcuff;45000;15;TST-04-09
TST-PLA-CADENA-0160;CADENA PLATA PRUEBA TST-PLA-CADENA-0160;Cadenas;79000;0;TST-04-10
TST-PLA-DIJE-0161;DIJE PLATA PRUEBA TST-PLA-DIJE-0161;Dijes;113000;3;TST-04-11
TST-PLA-COLLAR-0162;COLLAR PLATA PRUEBA TST-PLA-COLLAR-0162;Collares;147000;18;TST-04-12
TST-PLA-ANILLO-0163;ANILLO PLATA PRUEBA TST-PLA-ANILLO-0163;Anillos;181000;19;TST-04-13
TST-PLA-PULSERA-0164;PULSERA PLATA PRUEBA TST-PLA-PULSERA-0164;Pulseras;47000;20;TST-04-14
TST-PLA-TOBILLERA-0165;TOBILLERA PLATA PRUEBA TST-PLA-TOBILLERA-0165;Tobilleras;81000;21;TST-04-15
TST-PLA-BALIN-0166;BALIN PLATA PRUEBA TST-PLA-BALIN-0166;Balines;115000;22;TST-04-16
TST-PLA-HERRAJE-0167;HERRAJE PLATA PRUEBA TST-PLA-HERRAJE-0167;Herrajes;149000;23;TST-04-17
TST-PLA-BARRIL-0168;BARRIL PLATA PRUEBA TST-PLA-BARRIL-0168;Barriles;15000;1;TST-04-18
TST-ROD-TOPO-0169;TOPO RODIO PRUEBA TST-ROD-TOPO-0169;Topos;49000;25;TST-04-19
TST-ROD-CANDONGA-0170;CANDONGA RODIO PRUEBA TST-ROD-CANDONGA-0170;Candongas;83000;0;TST-04-20
TST-ROD-EARCUFF-0171;EARCUFF RODIO PRUEBA TST-ROD-EARCUFF-0171;Earcuff;117000;27;TST-04-21
TST-ROD-CADENA-0172;CADENA RODIO PRUEBA TST-ROD-CADENA-0172;Cadenas;151000;28;TST-04-22
TST-ROD-DIJE-0173;DIJE RODIO PRUEBA TST-ROD-DIJE-0173;Dijes;17000;29;TST-04-23
TST-ROD-COLLAR-0174;COLLAR RODIO PRUEBA TST-ROD-COLLAR-0174;Collares;51000;30;TST-04-24
TST-ROD-ANILLO-0175;ANILLO RODIO PRUEBA TST-ROD-ANILLO-0175;Anillos;85000;2;TST-04-25
TST-ROD-PULSERA-0176;PULSERA RODIO PRUEBA TST-ROD-PULSERA-0176;Pulseras;119000;32;TST-04-26
TST-ROD-TOBILLERA-0177;TOBILLERA RODIO PRUEBA TST-ROD-TOBILLERA-0177;Tobilleras;153000;33;TST-04-27
TST-ROD-BALIN-0178;BALIN RODIO PRUEBA TST-ROD-BALIN-0178;Balines;19000;34;TST-04-28
TST-ROD-HERRAJE-0179;HERRAJE RODIO PRUEBA TST-ROD-HERRAJE-0179;Herrajes;53000;35;TST-04-29
TST-ROD-BARRIL-0180;BARRIL RODIO PRUEBA TST-ROD-BARRIL-0180;Barriles;87000;0;TST-04-30
TST-LAM-TOPO-0181;TOPO LAMINADO PRUEBA TST-LAM-TOPO-0181;Topos;121000;37;TST-04-31
TST-LAM-CANDONGA-0182;CANDONGA LAMINADO PRUEBA TST-LAM-CANDONGA-0182;Candongas;155000;3;TST-04-32
TST-LAM-EARCUFF-0183;EARCUFF LAMINADO PRUEBA TST-LAM-EARCUFF-0183;Earcuff;21000;39;TST-04-33
TST-LAM-CADENA-0184;CADENA LAMINADO PRUEBA TST-LAM-CADENA-0184;Cadenas;55000;40;TST-04-34
TST-LAM-DIJE-0185;DIJE LAMINADO PRUEBA TST-LAM-DIJE-0185;Dijes;89000;4;TST-04-35
TST-LAM-COLLAR-0186;COLLAR LAMINADO PRUEBA TST-LAM-COLLAR-0186;Collares;123000;5;TST-04-36
TST-LAM-ANILLO-0187;ANILLO LAMINADO PRUEBA TST-LAM-ANILLO-0187;Anillos;157000;6;TST-04-37
TST-LAM-PULSERA-0188;PULSERA LAMINADO PRUEBA TST-LAM-PULSERA-0188;Pulseras;23000;7;TST-04-38
TST-LAM-TOBILLERA-0189;TOBILLERA LAMINADO PRUEBA TST-LAM-TOBILLERA-0189;Tobilleras;57000;1;TST-04-39
TST-LAM-BALIN-0190;BALIN LAMINADO PRUEBA TST-LAM-BALIN-0190;Balines;91000;0;TST-04-40
TST-LAM-HERRAJE-0191;HERRAJE LAMINADO PRUEBA TST-LAM-HERRAJE-0191;Herrajes;125000;10;TST-04-41
TST-LAM-BARRIL-0192;BARRIL LAMINADO PRUEBA TST-LAM-BARRIL-0192;Barriles;159000;11;TST-04-42
TST-PLA-TOPO-0193;TOPO PLATA PRUEBA TST-PLA-TOPO-0193;Topos;25000;12;TST-04-43
TST-PLA-CANDONGA-0194;CANDONGA PLATA PRUEBA TST-PLA-CANDONGA-0194;Candongas;59000;13;TST-04-44
TST-PLA-EARCUFF-0195;EARCUFF PLATA PRUEBA TST-PLA-EARCUFF-0195;Earcuff;93000;14;TST-04-45
TST-PLA-CADENA-0196;CADENA PLATA PRUEBA TST-PLA-CADENA-0196;Cadenas;127000;2;TST-04-46
TST-PLA-DIJE-0197;DIJE PLATA PRUEBA TST-PLA-DIJE-0197;Dijes;161000;16;TST-04-47
TST-PLA-COLLAR-0198;COLLAR PLATA PRUEBA TST-PLA-COLLAR-0198;Collares;27000;17;TST-04-48
TST-PLA-ANILLO-0199;ANILLO PLATA PRUEBA TST-PLA-ANILLO-0199;Anillos;61000;18;TST-04-49
TST-PLA-PULSERA-0200;PULSERA PLATA PRUEBA TST-PLA-PULSERA-0200;Pulseras;95000;0;TST-04-50
TST-PLA-TOBILLERA-0201;TOBILLERA PLATA PRUEBA TST-PLA-TOBILLERA-0201;Tobilleras;129000;20;TST-05-01
TST-PLA-BALIN-0202;BALIN PLATA PRUEBA TST-PLA-BALIN-0202;Balines;163000;21;TST-05-02
TST-PLA-HERRAJE-0203;HERRAJE PLATA PRUEBA TST-PLA-HERRAJE-0203;Herrajes;29000;3;TST-05-03
TST-PLA-BARRIL-0204;BARRIL PLATA PRUEBA TST-PLA-BARRIL-0204;Barriles;63000;23;TST-05-04
TST-ROD-TOPO-0205;TOPO RODIO PRUEBA TST-ROD-TOPO-0205;Topos;97000;24;TST-05-05
TST-ROD-CANDONGA-0206;CANDONGA RODIO PRUEBA TST-ROD-CANDONGA-0206;Candongas;131000;25;TST-05-06
TST-ROD-EARCUFF-0207;EARCUFF RODIO PRUEBA TST-ROD-EARCUFF-0207;Earcuff;165000;26;TST-05-07
TST-ROD-CADENA-0208;CADENA RODIO PRUEBA TST-ROD-CADENA-0208;Cadenas;31000;27;TST-05-08
TST-ROD-DIJE-0209;DIJE RODIO PRUEBA TST-ROD-DIJE-0209;Dijes;65000;28;TST-05-09
TST-ROD-COLLAR-0210;COLLAR RODIO PRUEBA TST-ROD-COLLAR-0210;Collares;99000;0;TST-05-10
TST-ROD-ANILLO-0211;ANILLO RODIO PRUEBA TST-ROD-ANILLO-0211;Anillos;133000;30;TST-05-11
TST-ROD-PULSERA-0212;PULSERA RODIO PRUEBA TST-ROD-PULSERA-0212;Pulseras;167000;31;TST-05-12
TST-ROD-TOBILLERA-0213;TOBILLERA RODIO PRUEBA TST-ROD-TOBILLERA-0213;Tobilleras;33000;32;TST-05-13
TST-ROD-BALIN-0214;BALIN RODIO PRUEBA TST-ROD-BALIN-0214;Balines;67000;33;TST-05-14
TST-ROD-HERRAJE-0215;HERRAJE RODIO PRUEBA TST-ROD-HERRAJE-0215;Herrajes;101000;34;TST-05-15
TST-ROD-BARRIL-0216;BARRIL RODIO PRUEBA TST-ROD-BARRIL-0216;Barriles;135000;35;TST-05-16
TST-LAM-TOPO-0217;TOPO LAMINADO PRUEBA TST-LAM-TOPO-0217;Topos;169000;2;TST-05-17
TST-LAM-CANDONGA-0218;CANDONGA LAMINADO PRUEBA TST-LAM-CANDONGA-0218;Candongas;35000;37;TST-05-18
TST-LAM-EARCUFF-0219;EARCUFF LAMINADO PRUEBA TST-LAM-EARCUFF-0219;Earcuff;69000;38;TST-05-19
TST-LAM-CADENA-0220;CADENA LAMINADO PRUEBA TST-LAM-CADENA-0220;Cadenas;103000;0;TST-05-20
TST-LAM-DIJE-0221;DIJE LAMINADO PRUEBA TST-LAM-DIJE-0221;Dijes;137000;40;TST-05-21
TST-LAM-COLLAR-0222;COLLAR LAMINADO PRUEBA TST-LAM-COLLAR-0222;Collares;171000;4;TST-05-22
TST-LAM-ANILLO-0223;ANILLO LAMINADO PRUEBA TST-LAM-ANILLO-0223;Anillos;37000;5;TST-05-23
TST-LAM-PULSERA-0224;PULSERA LAMINADO PRUEBA TST-LAM-PULSERA-0224;Pulseras;71000;3;TST-05-24
TST-LAM-TOBILLERA-0225;TOBILLERA LAMINADO PRUEBA TST-LAM-TOBILLERA-0225;Tobilleras;105000;7;TST-05-25
TST-LAM-BALIN-0226;BALIN LAMINADO PRUEBA TST-LAM-BALIN-0226;Balines;139000;8;TST-05-26
TST-LAM-HERRAJE-0227;HERRAJE LAMINADO PRUEBA TST-LAM-HERRAJE-0227;Herrajes;173000;9;TST-05-27
TST-LAM-BARRIL-0228;BARRIL LAMINADO PRUEBA TST-LAM-BARRIL-0228;Barriles;39000;10;TST-05-28
TST-PLA-TOPO-0229;TOPO PLATA PRUEBA TST-PLA-TOPO-0229;Topos;73000;11;TST-05-29
TST-PLA-CANDONGA-0230;CANDONGA PLATA PRUEBA TST-PLA-CANDONGA-0230;Candongas;107000;0;TST-05-30
TST-PLA-EARCUFF-0231;EARCUFF PLATA PRUEBA TST-PLA-EARCUFF-0231;Earcuff;141000;1;TST-05-31
TST-PLA-CADENA-0232;CADENA PLATA PRUEBA TST-PLA-CADENA-0232;Cadenas;175000;14;TST-05-32
TST-PLA-DIJE-0233;DIJE PLATA PRUEBA TST-PLA-DIJE-0233;Dijes;41000;15;TST-05-33
TST-PLA-COLLAR-0234;COLLAR PLATA PRUEBA TST-PLA-COLLAR-0234;Collares;75000;16;TST-05-34
TST-PLA-ANILLO-0235;ANILLO PLATA PRUEBA TST-PLA-ANILLO-0235;Anillos;109000;17;TST-05-35
TST-PLA-PULSERA-0236;PULSERA PLATA PRUEBA TST-PLA-PULSERA-0236;Pulseras;143000;18;TST-05-36
TST-PLA-TOBILLERA-0237;TOBILLERA PLATA PRUEBA TST-PLA-TOBILLERA-0237;Tobilleras;177000;19;TST-05-37
TST-PLA-BALIN-0238;BALIN PLATA PRUEBA TST-PLA-BALIN-0238;Balines;43000;2;TST-05-38
TST-PLA-HERRAJE-0239;HERRAJE PLATA PRUEBA TST-PLA-HERRAJE-0239;Herrajes;77000;21;TST-05-39
TST-PLA-BARRIL-0240;BARRIL PLATA PRUEBA TST-PLA-BARRIL-0240;Barriles;111000;0;TST-05-40
TST-ROD-TOPO-0241;TOPO RODIO PRUEBA TST-ROD-TOPO-0241;Topos;145000;23;TST-05-41
TST-ROD-CANDONGA-0242;CANDONGA RODIO PRUEBA TST-ROD-CANDONGA-0242;Candongas;179000;24;TST-05-42
TST-ROD-EARCUFF-0243;EARCUFF RODIO PRUEBA TST-ROD-EARCUFF-0243;Earcuff;45000;25;TST-05-43
TST-ROD-CADENA-0244;CADENA RODIO PRUEBA TST-ROD-CADENA-0244;Cadenas;79000;26;TST-05-44
TST-ROD-DIJE-0245;DIJE RODIO PRUEBA TST-ROD-DIJE-0245;Dijes;113000;3;TST-05-45
TST-ROD-COLLAR-0246;COLLAR RODIO PRUEBA TST-ROD-COLLAR-0246;Collares;147000;28;TST-05-46
TST-ROD-ANILLO-0247;ANILLO RODIO PRUEBA TST-ROD-ANILLO-0247;Anillos;181000;29;TST-05-47
TST-ROD-PULSERA-0248;PULSERA RODIO PRUEBA TST-ROD-PULSERA-0248;Pulseras;47000;30;TST-05-48
TST-ROD-TOBILLERA-0249;TOBILLERA RODIO PRUEBA TST-ROD-TOBILLERA-0249;Tobilleras;81000;31;TST-05-49
TST-ROD-BALIN-0250;BALIN RODIO PRUEBA TST-ROD-BALIN-0250;Balines;115000;0;TST-05-50
TST-ROD-HERRAJE-0251;HERRAJE RODIO PRUEBA TST-ROD-HERRAJE-0251;Herrajes;149000;33;TST-06-01
TST-ROD-BARRIL-0252;BARRIL RODIO PRUEBA TST-ROD-BARRIL-0252;Barriles;15000;1;TST-06-02
TST-LAM-TOPO-0253;TOPO LAMINADO PRUEBA TST-LAM-TOPO-0253;Topos;49000;35;TST-06-03
TST-LAM-CANDONGA-0254;CANDONGA LAMINADO PRUEBA TST-LAM-CANDONGA-0254;Candongas;83000;36;TST-06-04
TST-LAM-EARCUFF-0255;EARCUFF LAMINADO PRUEBA TST-LAM-EARCUFF-0255;Earcuff;117000;37;TST-06-05
TST-LAM-CADENA-0256;CADENA LAMINADO PRUEBA TST-LAM-CADENA-0256;Cadenas;151000;38;TST-06-06
TST-LAM-DIJE-0257;DIJE LAMINADO PRUEBA TST-LAM-DIJE-0257;Dijes;17000;39;TST-06-07
TST-LAM-COLLAR-0258;COLLAR LAMINADO PRUEBA TST-LAM-COLLAR-0258;Collares;51000;40;TST-06-08
TST-LAM-ANILLO-0259;ANILLO LAMINADO PRUEBA TST-LAM-ANILLO-0259;Anillos;85000;2;TST-06-09
TST-LAM-PULSERA-0260;PULSERA LAMINADO PRUEBA TST-LAM-PULSERA-0260;Pulseras;119000;0;TST-06-10
TST-LAM-TOBILLERA-0261;TOBILLERA LAMINADO PRUEBA TST-LAM-TOBILLERA-0261;Tobilleras;153000;6;TST-06-11
TST-LAM-BALIN-0262;BALIN LAMINADO PRUEBA TST-LAM-BALIN-0262;Balines;19000;7;TST-06-12
TST-LAM-HERRAJE-0263;HERRAJE LAMINADO PRUEBA TST-LAM-HERRAJE-0263;Herrajes;53000;8;TST-06-13
TST-LAM-BARRIL-0264;BARRIL LAMINADO PRUEBA TST-LAM-BARRIL-0264;Barriles;87000;9;TST-06-14
TST-PLA-TOPO-0265;TOPO PLATA PRUEBA TST-PLA-TOPO-0265;Topos;121000;10;TST-06-15
TST-PLA-CANDONGA-0266;CANDONGA PLATA PRUEBA TST-PLA-CANDONGA-0266;Candongas;155000;3;TST-06-16
TST-PLA-EARCUFF-0267;EARCUFF PLATA PRUEBA TST-PLA-EARCUFF-0267;Earcuff;21000;12;TST-06-17
TST-PLA-CADENA-0268;CADENA PLATA PRUEBA TST-PLA-CADENA-0268;Cadenas;55000;13;TST-06-18
TST-PLA-DIJE-0269;DIJE PLATA PRUEBA TST-PLA-DIJE-0269;Dijes;89000;14;TST-06-19
TST-PLA-COLLAR-0270;COLLAR PLATA PRUEBA TST-PLA-COLLAR-0270;Collares;123000;0;TST-06-20
TST-PLA-ANILLO-0271;ANILLO PLATA PRUEBA TST-PLA-ANILLO-0271;Anillos;157000;16;TST-06-21
TST-PLA-PULSERA-0272;PULSERA PLATA PRUEBA TST-PLA-PULSERA-0272;Pulseras;23000;17;TST-06-22
TST-PLA-TOBILLERA-0273;TOBILLERA PLATA PRUEBA TST-PLA-TOBILLERA-0273;Tobilleras;57000;1;TST-06-23
TST-PLA-BALIN-0274;BALIN PLATA PRUEBA TST-PLA-BALIN-0274;Balines;91000;19;TST-06-24
TST-PLA-HERRAJE-0275;HERRAJE PLATA PRUEBA TST-PLA-HERRAJE-0275;Herrajes;125000;20;TST-06-25
TST-PLA-BARRIL-0276;BARRIL PLATA PRUEBA TST-PLA-BARRIL-0276;Barriles;159000;21;TST-06-26
TST-ROD-TOPO-0277;TOPO RODIO PRUEBA TST-ROD-TOPO-0277;Topos;25000;22;TST-06-27
TST-ROD-CANDONGA-0278;CANDONGA RODIO PRUEBA TST-ROD-CANDONGA-0278;Candongas;59000;23;TST-06-28
TST-ROD-EARCUFF-0279;EARCUFF RODIO PRUEBA TST-ROD-EARCUFF-0279;Earcuff;93000;24;TST-06-29
TST-ROD-CADENA-0280;CADENA RODIO PRUEBA TST-ROD-CADENA-0280;Cadenas;127000;0;TST-06-30
TST-ROD-DIJE-0281;DIJE RODIO PRUEBA TST-ROD-DIJE-0281;Dijes;161000;26;TST-06-31
TST-ROD-COLLAR-0282;COLLAR RODIO PRUEBA TST-ROD-COLLAR-0282;Collares;27000;27;TST-06-32
TST-ROD-ANILLO-0283;ANILLO RODIO PRUEBA TST-ROD-ANILLO-0283;Anillos;61000;28;TST-06-33
TST-ROD-PULSERA-0284;PULSERA RODIO PRUEBA TST-ROD-PULSERA-0284;Pulseras;95000;29;TST-06-34
TST-ROD-TOBILLERA-0285;TOBILLERA RODIO PRUEBA TST-ROD-TOBILLERA-0285;Tobilleras;129000;30;TST-06-35
TST-ROD-BALIN-0286;BALIN RODIO PRUEBA TST-ROD-BALIN-0286;Balines;163000;31;TST-06-36
TST-ROD-HERRAJE-0287;HERRAJE RODIO PRUEBA TST-ROD-HERRAJE-0287;Herrajes;29000;3;TST-06-37
TST-ROD-BARRIL-0288;BARRIL RODIO PRUEBA TST-ROD-BARRIL-0288;Barriles;63000;33;TST-06-38
TST-LAM-TOPO-0289;TOPO LAMINADO PRUEBA TST-LAM-TOPO-0289;Topos;97000;34;TST-06-39
TST-LAM-CANDONGA-0290;CANDONGA LAMINADO PRUEBA TST-LAM-CANDONGA-0290;Candongas;131000;0;TST-06-40
TST-LAM-EARCUFF-0291;EARCUFF LAMINADO PRUEBA TST-LAM-EARCUFF-0291;Earcuff;165000;36;TST-06-41
TST-LAM-CADENA-0292;CADENA LAMINADO PRUEBA TST-LAM-CADENA-0292;Cadenas;31000;37;TST-06-42
TST-LAM-DIJE-0293;DIJE LAMINADO PRUEBA TST-LAM-DIJE-0293;Dijes;65000;38;TST-06-43
TST-LAM-COLLAR-0294;COLLAR LAMINADO PRUEBA TST-LAM-COLLAR-0294;Collares;99000;1;TST-06-44
TST-LAM-ANILLO-0295;ANILLO LAMINADO PRUEBA TST-LAM-ANILLO-0295;Anillos;133000;40;TST-06-45
TST-LAM-PULSERA-0296;PULSERA LAMINADO PRUEBA TST-LAM-PULSERA-0296;Pulseras;167000;4;TST-06-46
TST-LAM-TOBILLERA-0297;TOBILLERA LAMINADO PRUEBA TST-LAM-TOBILLERA-0297;Tobilleras;33000;5;TST-06-47
TST-LAM-BALIN-0298;BALIN LAMINADO PRUEBA TST-LAM-BALIN-0298;Balines;67000;6;TST-06-48
TST-LAM-HERRAJE-0299;HERRAJE LAMINADO PRUEBA TST-LAM-HERRAJE-0299;Herrajes;101000;7;TST-06-49
TST-LAM-BARRIL-0300;BARRIL LAMINADO PRUEBA TST-LAM-BARRIL-0300;Barriles;135000;0;TST-06-50
TST-PLA-TOPO-0301;TOPO PLATA PRUEBA TST-PLA-TOPO-0301;Topos;169000;2;TST-07-01
TST-PLA-CANDONGA-0302;CANDONGA PLATA PRUEBA TST-PLA-CANDONGA-0302;Candongas;35000;10;TST-07-02
TST-PLA-EARCUFF-0303;EARCUFF PLATA PRUEBA TST-PLA-EARCUFF-0303;Earcuff;69000;11;TST-07-03
TST-PLA-CADENA-0304;CADENA PLATA PRUEBA TST-PLA-CADENA-0304;Cadenas;103000;12;TST-07-04
TST-PLA-DIJE-0305;DIJE PLATA PRUEBA TST-PLA-DIJE-0305;Dijes;137000;13;TST-07-05
TST-PLA-COLLAR-0306;COLLAR PLATA PRUEBA TST-PLA-COLLAR-0306;Collares;171000;14;TST-07-06
TST-PLA-ANILLO-0307;ANILLO PLATA PRUEBA TST-PLA-ANILLO-0307;Anillos;37000;15;TST-07-07
TST-PLA-PULSERA-0308;PULSERA PLATA PRUEBA TST-PLA-PULSERA-0308;Pulseras;71000;3;TST-07-08
TST-PLA-TOBILLERA-0309;TOBILLERA PLATA PRUEBA TST-PLA-TOBILLERA-0309;Tobilleras;105000;17;TST-07-09
TST-PLA-BALIN-0310;BALIN PLATA PRUEBA TST-PLA-BALIN-0310;Balines;139000;0;TST-07-10
TST-PLA-HERRAJE-0311;HERRAJE PLATA PRUEBA TST-PLA-HERRAJE-0311;Herrajes;173000;19;TST-07-11
TST-PLA-BARRIL-0312;BARRIL PLATA PRUEBA TST-PLA-BARRIL-0312;Barriles;39000;20;TST-07-12
TST-ROD-TOPO-0313;TOPO RODIO PRUEBA TST-ROD-TOPO-0313;Topos;73000;21;TST-07-13
TST-ROD-CANDONGA-0314;CANDONGA RODIO PRUEBA TST-ROD-CANDONGA-0314;Candongas;107000;22;TST-07-14
TST-ROD-EARCUFF-0315;EARCUFF RODIO PRUEBA TST-ROD-EARCUFF-0315;Earcuff;141000;1;TST-07-15
TST-ROD-CADENA-0316;CADENA RODIO PRUEBA TST-ROD-CADENA-0316;Cadenas;175000;24;TST-07-16
TST-ROD-DIJE-0317;DIJE RODIO PRUEBA TST-ROD-DIJE-0317;Dijes;41000;25;TST-07-17
TST-ROD-COLLAR-0318;COLLAR RODIO PRUEBA TST-ROD-COLLAR-0318;Collares;75000;26;TST-07-18
TST-ROD-ANILLO-0319;ANILLO RODIO PRUEBA TST-ROD-ANILLO-0319;Anillos;109000;27;TST-07-19
TST-ROD-PULSERA-0320;PULSERA RODIO PRUEBA TST-ROD-PULSERA-0320;Pulseras;143000;0;TST-07-20
TST-ROD-TOBILLERA-0321;TOBILLERA RODIO PRUEBA TST-ROD-TOBILLERA-0321;Tobilleras;177000;29;TST-07-21
TST-ROD-BALIN-0322;BALIN RODIO PRUEBA TST-ROD-BALIN-0322;Balines;43000;2;TST-07-22
TST-ROD-HERRAJE-0323;HERRAJE RODIO PRUEBA TST-ROD-HERRAJE-0323;Herrajes;77000;31;TST-07-23
TST-ROD-BARRIL-0324;BARRIL RODIO PRUEBA TST-ROD-BARRIL-0324;Barriles;111000;32;TST-07-24
TST-LAM-TOPO-0325;TOPO LAMINADO PRUEBA TST-LAM-TOPO-0325;Topos;145000;33;TST-07-25
TST-LAM-CANDONGA-0326;CANDONGA LAMINADO PRUEBA TST-LAM-CANDONGA-0326;Candongas;179000;34;TST-07-26
TST-LAM-EARCUFF-0327;EARCUFF LAMINADO PRUEBA TST-LAM-EARCUFF-0327;Earcuff;45000;35;TST-07-27
TST-LAM-CADENA-0328;CADENA LAMINADO PRUEBA TST-LAM-CADENA-0328;Cadenas;79000;36;TST-07-28
TST-LAM-DIJE-0329;DIJE LAMINADO PRUEBA TST-LAM-DIJE-0329;Dijes;113000;3;TST-07-29
TST-LAM-COLLAR-0330;COLLAR LAMINADO PRUEBA TST-LAM-COLLAR-0330;Collares;147000;0;TST-07-30
TST-LAM-ANILLO-0331;ANILLO LAMINADO PRUEBA TST-LAM-ANILLO-0331;Anillos;181000;39;TST-07-31
TST-LAM-PULSERA-0332;PULSERA LAMINADO PRUEBA TST-LAM-PULSERA-0332;Pulseras;47000;40;TST-07-32
TST-LAM-TOBILLERA-0333;TOBILLERA LAMINADO PRUEBA TST-LAM-TOBILLERA-0333;Tobilleras;81000;4;TST-07-33
TST-LAM-BALIN-0334;BALIN LAMINADO PRUEBA TST-LAM-BALIN-0334;Balines;115000;5;TST-07-34
TST-LAM-HERRAJE-0335;HERRAJE LAMINADO PRUEBA TST-LAM-HERRAJE-0335;Herrajes;149000;6;TST-07-35
TST-LAM-BARRIL-0336;BARRIL LAMINADO PRUEBA TST-LAM-BARRIL-0336;Barriles;15000;1;TST-07-36
TST-PLA-TOPO-0337;TOPO PLATA PRUEBA TST-PLA-TOPO-0337;Topos;49000;8;TST-07-37
TST-PLA-CANDONGA-0338;CANDONGA PLATA PRUEBA TST-PLA-CANDONGA-0338;Candongas;83000;9;TST-07-38
TST-PLA-EARCUFF-0339;EARCUFF PLATA PRUEBA TST-PLA-EARCUFF-0339;Earcuff;117000;10;TST-07-39
TST-PLA-CADENA-0340;CADENA PLATA PRUEBA TST-PLA-CADENA-0340;Cadenas;151000;0;TST-07-40
TST-PLA-DIJE-0341;DIJE PLATA PRUEBA TST-PLA-DIJE-0341;Dijes;17000;12;TST-07-41
TST-PLA-COLLAR-0342;COLLAR PLATA PRUEBA TST-PLA-COLLAR-0342;Collares;51000;13;TST-07-42
TST-PLA-ANILLO-0343;ANILLO PLATA PRUEBA TST-PLA-ANILLO-0343;Anillos;85000;2;TST-07-43
TST-PLA-PULSERA-0344;PULSERA PLATA PRUEBA TST-PLA-PULSERA-0344;Pulseras;119000;15;TST-07-44
TST-PLA-TOBILLERA-0345;TOBILLERA PLATA PRUEBA TST-PLA-TOBILLERA-0345;Tobilleras;153000;16;TST-07-45
TST-PLA-BALIN-0346;BALIN PLATA PRUEBA TST-PLA-BALIN-0346;Balines;19000;17;TST-07-46
TST-PLA-HERRAJE-0347;HERRAJE PLATA PRUEBA TST-PLA-HERRAJE-0347;Herrajes;53000;18;TST-07-47
TST-PLA-BARRIL-0348;BARRIL PLATA PRUEBA TST-PLA-BARRIL-0348;Barriles;87000;19;TST-07-48
TST-ROD-TOPO-0349;TOPO RODIO PRUEBA TST-ROD-TOPO-0349;Topos;121000;20;TST-07-49
TST-ROD-CANDONGA-0350;CANDONGA RODIO PRUEBA TST-ROD-CANDONGA-0350;Candongas;155000;0;TST-07-50
TST-ROD-EARCUFF-0351;EARCUFF RODIO PRUEBA TST-ROD-EARCUFF-0351;Earcuff;21000;22;TST-08-01
TST-ROD-CADENA-0352;CADENA RODIO PRUEBA TST-ROD-CADENA-0352;Cadenas;55000;23;TST-08-02
TST-ROD-DIJE-0353;DIJE RODIO PRUEBA TST-ROD-DIJE-0353;Dijes;89000;24;TST-08-03
TST-ROD-COLLAR-0354;COLLAR RODIO PRUEBA TST-ROD-COLLAR-0354;Collares;123000;25;TST-08-04
TST-ROD-ANILLO-0355;ANILLO RODIO PRUEBA TST-ROD-ANILLO-0355;Anillos;157000;26;TST-08-05
TST-ROD-PULSERA-0356;PULSERA RODIO PRUEBA TST-ROD-PULSERA-0356;Pulseras;23000;27;TST-08-06
TST-ROD-TOBILLERA-0357;TOBILLERA RODIO PRUEBA TST-ROD-TOBILLERA-0357;Tobilleras;57000;1;TST-08-07
TST-ROD-BALIN-0358;BALIN RODIO PRUEBA TST-ROD-BALIN-0358;Balines;91000;29;TST-08-08
TST-ROD-HERRAJE-0359;HERRAJE RODIO PRUEBA TST-ROD-HERRAJE-0359;Herrajes;125000;30;TST-08-09
TST-ROD-BARRIL-0360;BARRIL RODIO PRUEBA TST-ROD-BARRIL-0360;Barriles;159000;0;TST-08-10
TST-LAM-TOPO-0361;TOPO LAMINADO PRUEBA TST-LAM-TOPO-0361;Topos;25000;32;TST-08-11
TST-LAM-CANDONGA-0362;CANDONGA LAMINADO PRUEBA TST-LAM-CANDONGA-0362;Candongas;59000;33;TST-08-12
TST-LAM-EARCUFF-0363;EARCUFF LAMINADO PRUEBA TST-LAM-EARCUFF-0363;Earcuff;93000;34;TST-08-13
TST-LAM-CADENA-0364;CADENA LAMINADO PRUEBA TST-LAM-CADENA-0364;Cadenas;127000;2;TST-08-14
TST-LAM-DIJE-0365;DIJE LAMINADO PRUEBA TST-LAM-DIJE-0365;Dijes;161000;36;TST-08-15
TST-LAM-COLLAR-0366;COLLAR LAMINADO PRUEBA TST-LAM-COLLAR-0366;Collares;27000;37;TST-08-16
TST-LAM-ANILLO-0367;ANILLO LAMINADO PRUEBA TST-LAM-ANILLO-0367;Anillos;61000;38;TST-08-17
TST-LAM-PULSERA-0368;PULSERA LAMINADO PRUEBA TST-LAM-PULSERA-0368;Pulseras;95000;39;TST-08-18
TST-LAM-TOBILLERA-0369;TOBILLERA LAMINADO PRUEBA TST-LAM-TOBILLERA-0369;Tobilleras;129000;40;TST-08-19
TST-LAM-BALIN-0370;BALIN LAMINADO PRUEBA TST-LAM-BALIN-0370;Balines;163000;0;TST-08-20
TST-LAM-HERRAJE-0371;HERRAJE LAMINADO PRUEBA TST-LAM-HERRAJE-0371;Herrajes;29000;3;TST-08-21
TST-LAM-BARRIL-0372;BARRIL LAMINADO PRUEBA TST-LAM-BARRIL-0372;Barriles;63000;6;TST-08-22
TST-PLA-TOPO-0373;TOPO PLATA PRUEBA TST-PLA-TOPO-0373;Topos;97000;7;TST-08-23
TST-PLA-CANDONGA-0374;CANDONGA PLATA PRUEBA TST-PLA-CANDONGA-0374;Candongas;131000;8;TST-08-24
TST-PLA-EARCUFF-0375;EARCUFF PLATA PRUEBA TST-PLA-EARCUFF-0375;Earcuff;165000;9;TST-08-25
TST-PLA-CADENA-0376;CADENA PLATA PRUEBA TST-PLA-CADENA-0376;Cadenas;31000;10;TST-08-26
TST-PLA-DIJE-0377;DIJE PLATA PRUEBA TST-PLA-DIJE-0377;Dijes;65000;11;TST-08-27
TST-PLA-COLLAR-0378;COLLAR PLATA PRUEBA TST-PLA-COLLAR-0378;Collares;99000;1;TST-08-28
TST-PLA-ANILLO-0379;ANILLO PLATA PRUEBA TST-PLA-ANILLO-0379;Anillos;133000;13;TST-08-29
TST-PLA-PULSERA-0380;PULSERA PLATA PRUEBA TST-PLA-PULSERA-0380;Pulseras;167000;0;TST-08-30
TST-PLA-TOBILLERA-0381;TOBILLERA PLATA PRUEBA TST-PLA-TOBILLERA-0381;Tobilleras;33000;15;TST-08-31
TST-PLA-BALIN-0382;BALIN PLATA PRUEBA TST-PLA-BALIN-0382;Balines;67000;16;TST-08-32
TST-PLA-HERRAJE-0383;HERRAJE PLATA PRUEBA TST-PLA-HERRAJE-0383;Herrajes;101000;17;TST-08-33
TST-PLA-BARRIL-0384;BARRIL PLATA PRUEBA TST-PLA-BARRIL-0384;Barriles;135000;18;TST-08-34
TST-ROD-TOPO-0385;TOPO RODIO PRUEBA TST-ROD-TOPO-0385;Topos;169000;2;TST-08-35
TST-ROD-CANDONGA-0386;CANDONGA RODIO PRUEBA TST-ROD-CANDONGA-0386;Candongas;35000;20;TST-08-36
TST-ROD-EARCUFF-0387;EARCUFF RODIO PRUEBA TST-ROD-EARCUFF-0387;Earcuff;69000;21;TST-08-37
TST-ROD-CADENA-0388;CADENA RODIO PRUEBA TST-ROD-CADENA-0388;Cadenas;103000;22;TST-08-38
TST-ROD-DIJE-0389;DIJE RODIO PRUEBA TST-ROD-DIJE-0389;Dijes;137000;23;TST-08-39
TST-ROD-COLLAR-0390;COLLAR RODIO PRUEBA TST-ROD-COLLAR-0390;Collares;171000;0;TST-08-40
TST-ROD-ANILLO-0391;ANILLO RODIO PRUEBA TST-ROD-ANILLO-0391;Anillos;37000;25;TST-08-41
TST-ROD-PULSERA-0392;PULSERA RODIO PRUEBA TST-ROD-PULSERA-0392;Pulseras;71000;3;TST-08-42
TST-ROD-TOBILLERA-0393;TOBILLERA RODIO PRUEBA TST-ROD-TOBILLERA-0393;Tobilleras;105000;27;TST-08-43
TST-ROD-BALIN-0394;BALIN RODIO PRUEBA TST-ROD-BALIN-0394;Balines;139000;28;TST-08-44
TST-ROD-HERRAJE-0395;HERRAJE RODIO PRUEBA TST-ROD-HERRAJE-0395;Herrajes;173000;29;TST-08-45
TST-ROD-BARRIL-0396;BARRIL RODIO PRUEBA TST-ROD-BARRIL-0396;Barriles;39000;30;TST-08-46
TST-LAM-TOPO-0397;TOPO LAMINADO PRUEBA TST-LAM-TOPO-0397;Topos;73000;31;TST-08-47
TST-LAM-CANDONGA-0398;CANDONGA LAMINADO PRUEBA TST-LAM-CANDONGA-0398;Candongas;107000;32;TST-08-48
TST-LAM-EARCUFF-0399;EARCUFF LAMINADO PRUEBA TST-LAM-EARCUFF-0399;Earcuff;141000;1;TST-08-49
TST-LAM-CADENA-0400;CADENA LAMINADO PRUEBA TST-LAM-CADENA-0400;Cadenas;175000;0;TST-08-50
TST-LAM-DIJE-0401;DIJE LAMINADO PRUEBA TST-LAM-DIJE-0401;Dijes;41000;35;TST-09-01
TST-LAM-COLLAR-0402;COLLAR LAMINADO PRUEBA TST-LAM-COLLAR-0402;Collares;75000;36;TST-09-02
TST-LAM-ANILLO-0403;ANILLO LAMINADO PRUEBA TST-LAM-ANILLO-0403;Anillos;109000;37;TST-09-03
TST-LAM-PULSERA-0404;PULSERA LAMINADO PRUEBA TST-LAM-PULSERA-0404;Pulseras;143000;38;TST-09-04
TST-LAM-TOBILLERA-0405;TOBILLERA LAMINADO PRUEBA TST-LAM-TOBILLERA-0405;Tobilleras;177000;39;TST-09-05
TST-LAM-BALIN-0406;BALIN LAMINADO PRUEBA TST-LAM-BALIN-0406;Balines;43000;2;TST-09-06
TST-LAM-HERRAJE-0407;HERRAJE LAMINADO PRUEBA TST-LAM-HERRAJE-0407;Herrajes;77000;4;TST-09-07
TST-LAM-BARRIL-0408;BARRIL LAMINADO PRUEBA TST-LAM-BARRIL-0408;Barriles;111000;5;TST-09-08
TST-PLA-TOPO-0409;TOPO PLATA PRUEBA TST-PLA-TOPO-0409;Topos;145000;6;TST-09-09
TST-PLA-CANDONGA-0410;CANDONGA PLATA PRUEBA TST-PLA-CANDONGA-0410;Candongas;179000;0;TST-09-10
TST-PLA-EARCUFF-0411;EARCUFF PLATA PRUEBA TST-PLA-EARCUFF-0411;Earcuff;45000;8;TST-09-11
TST-PLA-CADENA-0412;CADENA PLATA PRUEBA TST-PLA-CADENA-0412;Cadenas;79000;9;TST-09-12
TST-PLA-DIJE-0413;DIJE PLATA PRUEBA TST-PLA-DIJE-0413;Dijes;113000;3;TST-09-13
TST-PLA-COLLAR-0414;COLLAR PLATA PRUEBA TST-PLA-COLLAR-0414;Collares;147000;11;TST-09-14
TST-PLA-ANILLO-0415;ANILLO PLATA PRUEBA TST-PLA-ANILLO-0415;Anillos;181000;12;TST-09-15
TST-PLA-PULSERA-0416;PULSERA PLATA PRUEBA TST-PLA-PULSERA-0416;Pulseras;47000;13;TST-09-16
TST-PLA-TOBILLERA-0417;TOBILLERA PLATA PRUEBA TST-PLA-TOBILLERA-0417;Tobilleras;81000;14;TST-09-17
TST-PLA-BALIN-0418;BALIN PLATA PRUEBA TST-PLA-BALIN-0418;Balines;115000;15;TST-09-18
TST-PLA-HERRAJE-0419;HERRAJE PLATA PRUEBA TST-PLA-HERRAJE-0419;Herrajes;149000;16;TST-09-19
TST-PLA-BARRIL-0420;BARRIL PLATA PRUEBA TST-PLA-BARRIL-0420;Barriles;15000;0;TST-09-20
TST-ROD-TOPO-0421;TOPO RODIO PRUEBA TST-ROD-TOPO-0421;Topos;49000;18;TST-09-21
TST-ROD-CANDONGA-0422;CANDONGA RODIO PRUEBA TST-ROD-CANDONGA-0422;Candongas;83000;19;TST-09-22
TST-ROD-EARCUFF-0423;EARCUFF RODIO PRUEBA TST-ROD-EARCUFF-0423;Earcuff;117000;20;TST-09-23
TST-ROD-CADENA-0424;CADENA RODIO PRUEBA TST-ROD-CADENA-0424;Cadenas;151000;21;TST-09-24
TST-ROD-DIJE-0425;DIJE RODIO PRUEBA TST-ROD-DIJE-0425;Dijes;17000;22;TST-09-25
TST-ROD-COLLAR-0426;COLLAR RODIO PRUEBA TST-ROD-COLLAR-0426;Collares;51000;23;TST-09-26
TST-ROD-ANILLO-0427;ANILLO RODIO PRUEBA TST-ROD-ANILLO-0427;Anillos;85000;2;TST-09-27
TST-ROD-PULSERA-0428;PULSERA RODIO PRUEBA TST-ROD-PULSERA-0428;Pulseras;119000;25;TST-09-28
TST-ROD-TOBILLERA-0429;TOBILLERA RODIO PRUEBA TST-ROD-TOBILLERA-0429;Tobilleras;153000;26;TST-09-29
TST-ROD-BALIN-0430;BALIN RODIO PRUEBA TST-ROD-BALIN-0430;Balines;19000;0;TST-09-30
TST-ROD-HERRAJE-0431;HERRAJE RODIO PRUEBA TST-ROD-HERRAJE-0431;Herrajes;53000;28;TST-09-31
TST-ROD-BARRIL-0432;BARRIL RODIO PRUEBA TST-ROD-BARRIL-0432;Barriles;87000;29;TST-09-32
TST-LAM-TOPO-0433;TOPO LAMINADO PRUEBA TST-LAM-TOPO-0433;Topos;121000;30;TST-09-33
TST-LAM-CANDONGA-0434;CANDONGA LAMINADO PRUEBA TST-LAM-CANDONGA-0434;Candongas;155000;3;TST-09-34
TST-LAM-EARCUFF-0435;EARCUFF LAMINADO PRUEBA TST-LAM-EARCUFF-0435;Earcuff;21000;32;TST-09-35
TST-LAM-CADENA-0436;CADENA LAMINADO PRUEBA TST-LAM-CADENA-0436;Cadenas;55000;33;TST-09-36
TST-LAM-DIJE-0437;DIJE LAMINADO PRUEBA TST-LAM-DIJE-0437;Dijes;89000;34;TST-09-37
TST-LAM-COLLAR-0438;COLLAR LAMINADO PRUEBA TST-LAM-COLLAR-0438;Collares;123000;35;TST-09-38
TST-LAM-ANILLO-0439;ANILLO LAMINADO PRUEBA TST-LAM-ANILLO-0439;Anillos;157000;36;TST-09-39
TST-LAM-PULSERA-0440;PULSERA LAMINADO PRUEBA TST-LAM-PULSERA-0440;Pulseras;23000;0;TST-09-40
TST-LAM-TOBILLERA-0441;TOBILLERA LAMINADO PRUEBA TST-LAM-TOBILLERA-0441;Tobilleras;57000;1;TST-09-41
TST-LAM-BALIN-0442;BALIN LAMINADO PRUEBA TST-LAM-BALIN-0442;Balines;91000;39;TST-09-42
TST-LAM-HERRAJE-0443;HERRAJE LAMINADO PRUEBA TST-LAM-HERRAJE-0443;Herrajes;125000;40;TST-09-43
TST-LAM-BARRIL-0444;BARRIL LAMINADO PRUEBA TST-LAM-BARRIL-0444;Barriles;159000;4;TST-09-44
TST-PLA-TOPO-0445;TOPO PLATA PRUEBA TST-PLA-TOPO-0445;Topos;25000;5;TST-09-45
TST-PLA-CANDONGA-0446;CANDONGA PLATA PRUEBA TST-PLA-CANDONGA-0446;Candongas;59000;6;TST-09-46
TST-PLA-EARCUFF-0447;EARCUFF PLATA PRUEBA TST-PLA-EARCUFF-0447;Earcuff;93000;7;TST-09-47
TST-PLA-CADENA-0448;CADENA PLATA PRUEBA TST-PLA-CADENA-0448;Cadenas;127000;2;TST-09-48
TST-PLA-DIJE-0449;DIJE PLATA PRUEBA TST-PLA-DIJE-0449;Dijes;161000;9;TST-09-49
TST-PLA-COLLAR-0450;COLLAR PLATA PRUEBA TST-PLA-COLLAR-0450;Collares;27000;0;TST-09-50
TST-PLA-ANILLO-0451;ANILLO PLATA PRUEBA TST-PLA-ANILLO-0451;Anillos;61000;11;TST-10-01
TST-PLA-PULSERA-0452;PULSERA PLATA PRUEBA TST-PLA-PULSERA-0452;Pulseras;95000;12;TST-10-02
TST-PLA-TOBILLERA-0453;TOBILLERA PLATA PRUEBA TST-PLA-TOBILLERA-0453;Tobilleras;129000;13;TST-10-03
TST-PLA-BALIN-0454;BALIN PLATA PRUEBA TST-PLA-BALIN-0454;Balines;163000;14;TST-10-04
TST-PLA-HERRAJE-0455;HERRAJE PLATA PRUEBA TST-PLA-HERRAJE-0455;Herrajes;29000;3;TST-10-05
TST-PLA-BARRIL-0456;BARRIL PLATA PRUEBA TST-PLA-BARRIL-0456;Barriles;63000;16;TST-10-06
TST-ROD-TOPO-0457;TOPO RODIO PRUEBA TST-ROD-TOPO-0457;Topos;97000;17;TST-10-07
TST-ROD-CANDONGA-0458;CANDONGA RODIO PRUEBA TST-ROD-CANDONGA-0458;Candongas;131000;18;TST-10-08
TST-ROD-EARCUFF-0459;EARCUFF RODIO PRUEBA TST-ROD-EARCUFF-0459;Earcuff;165000;19;TST-10-09
TST-ROD-CADENA-0460;CADENA RODIO PRUEBA TST-ROD-CADENA-0460;Cadenas;31000;0;TST-10-10
TST-ROD-DIJE-0461;DIJE RODIO PRUEBA TST-ROD-DIJE-0461;Dijes;65000;21;TST-10-11
TST-ROD-COLLAR-0462;COLLAR RODIO PRUEBA TST-ROD-COLLAR-0462;Collares;99000;1;TST-10-12
TST-ROD-ANILLO-0463;ANILLO RODIO PRUEBA TST-ROD-ANILLO-0463;Anillos;133000;23;TST-10-13
TST-ROD-PULSERA-0464;PULSERA RODIO PRUEBA TST-ROD-PULSERA-0464;Pulseras;167000;24;TST-10-14
TST-ROD-TOBILLERA-0465;TOBILLERA RODIO PRUEBA TST-ROD-TOBILLERA-0465;Tobilleras;33000;25;TST-10-15
TST-ROD-BALIN-0466;BALIN RODIO PRUEBA TST-ROD-BALIN-0466;Balines;67000;26;TST-10-16
TST-ROD-HERRAJE-0467;HERRAJE RODIO PRUEBA TST-ROD-HERRAJE-0467;Herrajes;101000;27;TST-10-17
TST-ROD-BARRIL-0468;BARRIL RODIO PRUEBA TST-ROD-BARRIL-0468;Barriles;135000;28;TST-10-18
TST-LAM-TOPO-0469;TOPO LAMINADO PRUEBA TST-LAM-TOPO-0469;Topos;169000;2;TST-10-19
TST-LAM-CANDONGA-0470;CANDONGA LAMINADO PRUEBA TST-LAM-CANDONGA-0470;Candongas;35000;0;TST-10-20
TST-LAM-EARCUFF-0471;EARCUFF LAMINADO PRUEBA TST-LAM-EARCUFF-0471;Earcuff;69000;31;TST-10-21
TST-LAM-CADENA-0472;CADENA LAMINADO PRUEBA TST-LAM-CADENA-0472;Cadenas;103000;32;TST-10-22
TST-LAM-DIJE-0473;DIJE LAMINADO PRUEBA TST-LAM-DIJE-0473;Dijes;137000;33;TST-10-23
TST-LAM-COLLAR-0474;COLLAR LAMINADO PRUEBA TST-LAM-COLLAR-0474;Collares;171000;34;TST-10-24
TST-LAM-ANILLO-0475;ANILLO LAMINADO PRUEBA TST-LAM-ANILLO-0475;Anillos;37000;35;TST-10-25
TST-LAM-PULSERA-0476;PULSERA LAMINADO PRUEBA TST-LAM-PULSERA-0476;Pulseras;71000;3;TST-10-26
TST-LAM-TOBILLERA-0477;TOBILLERA LAMINADO PRUEBA TST-LAM-TOBILLERA-0477;Tobilleras;105000;37;TST-10-27
TST-LAM-BALIN-0478;BALIN LAMINADO PRUEBA TST-LAM-BALIN-0478;Balines;139000;38;TST-10-28
TST-LAM-HERRAJE-0479;HERRAJE LAMINADO PRUEBA TST-LAM-HERRAJE-0479;Herrajes;173000;39;TST-10-29
TST-LAM-BARRIL-0480;BARRIL LAMINADO PRUEBA TST-LAM-BARRIL-0480;Barriles;39000;0;TST-10-30
TST-PLA-TOPO-0481;TOPO PLATA PRUEBA TST-PLA-TOPO-0481;Topos;73000;4;TST-10-31
TST-PLA-CANDONGA-0482;CANDONGA PLATA PRUEBA TST-PLA-CANDONGA-0482;Candongas;107000;5;TST-10-32
TST-PLA-EARCUFF-0483;EARCUFF PLATA PRUEBA TST-PLA-EARCUFF-0483;Earcuff;141000;1;TST-10-33
TST-PLA-CADENA-0484;CADENA PLATA PRUEBA TST-PLA-CADENA-0484;Cadenas;175000;7;TST-10-34
TST-PLA-DIJE-0485;DIJE PLATA PRUEBA TST-PLA-DIJE-0485;Dijes;41000;8;TST-10-35
TST-PLA-COLLAR-0486;COLLAR PLATA PRUEBA TST-PLA-COLLAR-0486;Collares;75000;9;TST-10-36
TST-PLA-ANILLO-0487;ANILLO PLATA PRUEBA TST-PLA-ANILLO-0487;Anillos;109000;10;TST-10-37
TST-PLA-PULSERA-0488;PULSERA PLATA PRUEBA TST-PLA-PULSERA-0488;Pulseras;143000;11;TST-10-38
TST-PLA-TOBILLERA-0489;TOBILLERA PLATA PRUEBA TST-PLA-TOBILLERA-0489;Tobilleras;177000;12;TST-10-39
TST-PLA-BALIN-0490;BALIN PLATA PRUEBA TST-PLA-BALIN-0490;Balines;43000;0;TST-10-40
TST-PLA-HERRAJE-0491;HERRAJE PLATA PRUEBA TST-PLA-HERRAJE-0491;Herrajes;77000;14;TST-10-41
TST-PLA-BARRIL-0492;BARRIL PLATA PRUEBA TST-PLA-BARRIL-0492;Barriles;111000;15;TST-10-42
TST-ROD-TOPO-0493;TOPO RODIO PRUEBA TST-ROD-TOPO-0493;Topos;145000;16;TST-10-43
TST-ROD-CANDONGA-0494;CANDONGA RODIO PRUEBA TST-ROD-CANDONGA-0494;Candongas;179000;17;TST-10-44
TST-ROD-EARCUFF-0495;EARCUFF RODIO PRUEBA TST-ROD-EARCUFF-0495;Earcuff;45000;18;TST-10-45
TST-ROD-CADENA-0496;CADENA RODIO PRUEBA TST-ROD-CADENA-0496;Cadenas;79000;19;TST-10-46
TST-ROD-DIJE-0497;DIJE RODIO PRUEBA TST-ROD-DIJE-0497;Dijes;113000;3;TST-10-47
TST-ROD-COLLAR-0498;COLLAR RODIO PRUEBA TST-ROD-COLLAR-0498;Collares;147000;21;TST-10-48
TST-ROD-ANILLO-0499;ANILLO RODIO PRUEBA TST-ROD-ANILLO-0499;Anillos;181000;22;TST-10-49
TST-ROD-PULSERA-0500;PULSERA RODIO PRUEBA TST-ROD-PULSERA-0500;Pulseras;47000;0;TST-10-50
TST-ROD-TOBILLERA-0501;TOBILLERA RODIO PRUEBA TST-ROD-TOBILLERA-0501;Tobilleras;81000;24;TST-11-01
TST-ROD-BALIN-0502;BALIN RODIO PRUEBA TST-ROD-BALIN-0502;Balines;115000;25;TST-11-02
TST-ROD-HERRAJE-0503;HERRAJE RODIO PRUEBA TST-ROD-HERRAJE-0503;Herrajes;149000;26;TST-11-03
TST-ROD-BARRIL-0504;BARRIL RODIO PRUEBA TST-ROD-BARRIL-0504;Barriles;15000;1;TST-11-04
TST-LAM-TOPO-0505;TOPO LAMINADO PRUEBA TST-LAM-TOPO-0505;Topos;49000;28;TST-11-05
TST-LAM-CANDONGA-0506;CANDONGA LAMINADO PRUEBA TST-LAM-CANDONGA-0506;Candongas;83000;29;TST-11-06
TST-LAM-EARCUFF-0507;EARCUFF LAMINADO PRUEBA TST-LAM-EARCUFF-0507;Earcuff;117000;30;TST-11-07
TST-LAM-CADENA-0508;CADENA LAMINADO PRUEBA TST-LAM-CADENA-0508;Cadenas;151000;31;TST-11-08
TST-LAM-DIJE-0509;DIJE LAMINADO PRUEBA TST-LAM-DIJE-0509;Dijes;17000;32;TST-11-09
TST-LAM-COLLAR-0510;COLLAR LAMINADO PRUEBA TST-LAM-COLLAR-0510;Collares;51000;0;TST-11-10
TST-LAM-ANILLO-0511;ANILLO LAMINADO PRUEBA TST-LAM-ANILLO-0511;Anillos;85000;2;TST-11-11
TST-LAM-PULSERA-0512;PULSERA LAMINADO PRUEBA TST-LAM-PULSERA-0512;Pulseras;119000;35;TST-11-12
TST-LAM-TOBILLERA-0513;TOBILLERA LAMINADO PRUEBA TST-LAM-TOBILLERA-0513;Tobilleras;153000;36;TST-11-13
TST-LAM-BALIN-0514;BALIN LAMINADO PRUEBA TST-LAM-BALIN-0514;Balines;19000;37;TST-11-14
TST-LAM-HERRAJE-0515;HERRAJE LAMINADO PRUEBA TST-LAM-HERRAJE-0515;Herrajes;53000;38;TST-11-15
TST-LAM-BARRIL-0516;BARRIL LAMINADO PRUEBA TST-LAM-BARRIL-0516;Barriles;87000;39;TST-11-16
TST-PLA-TOPO-0517;TOPO PLATA PRUEBA TST-PLA-TOPO-0517;Topos;121000;40;TST-11-17
TST-PLA-CANDONGA-0518;CANDONGA PLATA PRUEBA TST-PLA-CANDONGA-0518;Candongas;155000;3;TST-11-18
TST-PLA-EARCUFF-0519;EARCUFF PLATA PRUEBA TST-PLA-EARCUFF-0519;Earcuff;21000;5;TST-11-19
TST-PLA-CADENA-0520;CADENA PLATA PRUEBA TST-PLA-CADENA-0520;Cadenas;55000;0;TST-11-20
TST-PLA-DIJE-0521;DIJE PLATA PRUEBA TST-PLA-DIJE-0521;Dijes;89000;7;TST-11-21
TST-PLA-COLLAR-0522;COLLAR PLATA PRUEBA TST-PLA-COLLAR-0522;Collares;123000;8;TST-11-22
TST-PLA-ANILLO-0523;ANILLO PLATA PRUEBA TST-PLA-ANILLO-0523;Anillos;157000;9;TST-11-23
TST-PLA-PULSERA-0524;PULSERA PLATA PRUEBA TST-PLA-PULSERA-0524;Pulseras;23000;10;TST-11-24
TST-PLA-TOBILLERA-0525;TOBILLERA PLATA PRUEBA TST-PLA-TOBILLERA-0525;Tobilleras;57000;1;TST-11-25
TST-PLA-BALIN-0526;BALIN PLATA PRUEBA TST-PLA-BALIN-0526;Balines;91000;12;TST-11-26
TST-PLA-HERRAJE-0527;HERRAJE PLATA PRUEBA TST-PLA-HERRAJE-0527;Herrajes;125000;13;TST-11-27
TST-PLA-BARRIL-0528;BARRIL PLATA PRUEBA TST-PLA-BARRIL-0528;Barriles;159000;14;TST-11-28
TST-ROD-TOPO-0529;TOPO RODIO PRUEBA TST-ROD-TOPO-0529;Topos;25000;15;TST-11-29
TST-ROD-CANDONGA-0530;CANDONGA RODIO PRUEBA TST-ROD-CANDONGA-0530;Candongas;59000;0;TST-11-30
TST-ROD-EARCUFF-0531;EARCUFF RODIO PRUEBA TST-ROD-EARCUFF-0531;Earcuff;93000;17;TST-11-31
TST-ROD-CADENA-0532;CADENA RODIO PRUEBA TST-ROD-CADENA-0532;Cadenas;127000;2;TST-11-32
TST-ROD-DIJE-0533;DIJE RODIO PRUEBA TST-ROD-DIJE-0533;Dijes;161000;19;TST-11-33
TST-ROD-COLLAR-0534;COLLAR RODIO PRUEBA TST-ROD-COLLAR-0534;Collares;27000;20;TST-11-34
TST-ROD-ANILLO-0535;ANILLO RODIO PRUEBA TST-ROD-ANILLO-0535;Anillos;61000;21;TST-11-35
TST-ROD-PULSERA-0536;PULSERA RODIO PRUEBA TST-ROD-PULSERA-0536;Pulseras;95000;22;TST-11-36
TST-ROD-TOBILLERA-0537;TOBILLERA RODIO PRUEBA TST-ROD-TOBILLERA-0537;Tobilleras;129000;23;TST-11-37
TST-ROD-BALIN-0538;BALIN RODIO PRUEBA TST-ROD-BALIN-0538;Balines;163000;24;TST-11-38
TST-ROD-HERRAJE-0539;HERRAJE RODIO PRUEBA TST-ROD-HERRAJE-0539;Herrajes;29000;3;TST-11-39
TST-ROD-BARRIL-0540;BARRIL RODIO PRUEBA TST-ROD-BARRIL-0540;Barriles;63000;0;TST-11-40
TST-LAM-TOPO-0541;TOPO LAMINADO PRUEBA TST-LAM-TOPO-0541;Topos;97000;27;TST-11-41
TST-LAM-CANDONGA-0542;CANDONGA LAMINADO PRUEBA TST-LAM-CANDONGA-0542;Candongas;131000;28;TST-11-42
TST-LAM-EARCUFF-0543;EARCUFF LAMINADO PRUEBA TST-LAM-EARCUFF-0543;Earcuff;165000;29;TST-11-43
TST-LAM-CADENA-0544;CADENA LAMINADO PRUEBA TST-LAM-CADENA-0544;Cadenas;31000;30;TST-11-44
TST-LAM-DIJE-0545;DIJE LAMINADO PRUEBA TST-LAM-DIJE-0545;Dijes;65000;31;TST-11-45
TST-LAM-COLLAR-0546;COLLAR LAMINADO PRUEBA TST-LAM-COLLAR-0546;Collares;99000;1;TST-11-46
TST-LAM-ANILLO-0547;ANILLO LAMINADO PRUEBA TST-LAM-ANILLO-0547;Anillos;133000;33;TST-11-47
TST-LAM-PULSERA-0548;PULSERA LAMINADO PRUEBA TST-LAM-PULSERA-0548;Pulseras;167000;34;TST-11-48
TST-LAM-TOBILLERA-0549;TOBILLERA LAMINADO PRUEBA TST-LAM-TOBILLERA-0549;Tobilleras;33000;35;TST-11-49
TST-LAM-BALIN-0550;BALIN LAMINADO PRUEBA TST-LAM-BALIN-0550;Balines;67000;0;TST-11-50
TST-LAM-HERRAJE-0551;HERRAJE LAMINADO PRUEBA TST-LAM-HERRAJE-0551;Herrajes;101000;37;TST-12-01
TST-LAM-BARRIL-0552;BARRIL LAMINADO PRUEBA TST-LAM-BARRIL-0552;Barriles;135000;38;TST-12-02
TST-PLA-TOPO-0553;TOPO PLATA PRUEBA TST-PLA-TOPO-0553;Topos;169000;2;TST-12-03
TST-PLA-CANDONGA-0554;CANDONGA PLATA PRUEBA TST-PLA-CANDONGA-0554;Candongas;35000;40;TST-12-04
TST-PLA-EARCUFF-0555;EARCUFF PLATA PRUEBA TST-PLA-EARCUFF-0555;Earcuff;69000;4;TST-12-05
TST-PLA-CADENA-0556;CADENA PLATA PRUEBA TST-PLA-CADENA-0556;Cadenas;103000;5;TST-12-06
TST-PLA-DIJE-0557;DIJE PLATA PRUEBA TST-PLA-DIJE-0557;Dijes;137000;6;TST-12-07
TST-PLA-COLLAR-0558;COLLAR PLATA PRUEBA TST-PLA-COLLAR-0558;Collares;171000;7;TST-12-08
TST-PLA-ANILLO-0559;ANILLO PLATA PRUEBA TST-PLA-ANILLO-0559;Anillos;37000;8;TST-12-09
TST-PLA-PULSERA-0560;PULSERA PLATA PRUEBA TST-PLA-PULSERA-0560;Pulseras;71000;0;TST-12-10
TST-PLA-TOBILLERA-0561;TOBILLERA PLATA PRUEBA TST-PLA-TOBILLERA-0561;Tobilleras;105000;10;TST-12-11
TST-PLA-BALIN-0562;BALIN PLATA PRUEBA TST-PLA-BALIN-0562;Balines;139000;11;TST-12-12
TST-PLA-HERRAJE-0563;HERRAJE PLATA PRUEBA TST-PLA-HERRAJE-0563;Herrajes;173000;12;TST-12-13
TST-PLA-BARRIL-0564;BARRIL PLATA PRUEBA TST-PLA-BARRIL-0564;Barriles;39000;13;TST-12-14
TST-ROD-TOPO-0565;TOPO RODIO PRUEBA TST-ROD-TOPO-0565;Topos;73000;14;TST-12-15
TST-ROD-CANDONGA-0566;CANDONGA RODIO PRUEBA TST-ROD-CANDONGA-0566;Candongas;107000;15;TST-12-16
TST-ROD-EARCUFF-0567;EARCUFF RODIO PRUEBA TST-ROD-EARCUFF-0567;Earcuff;141000;1;TST-12-17
TST-ROD-CADENA-0568;CADENA RODIO PRUEBA TST-ROD-CADENA-0568;Cadenas;175000;17;TST-12-18
TST-ROD-DIJE-0569;DIJE RODIO PRUEBA TST-ROD-DIJE-0569;Dijes;41000;18;TST-12-19
TST-ROD-COLLAR-0570;COLLAR RODIO PRUEBA TST-ROD-COLLAR-0570;Collares;75000;0;TST-12-20
TST-ROD-ANILLO-0571;ANILLO RODIO PRUEBA TST-ROD-ANILLO-0571;Anillos;109000;20;TST-12-21
TST-ROD-PULSERA-0572;PULSERA RODIO PRUEBA TST-ROD-PULSERA-0572;Pulseras;143000;21;TST-12-22
TST-ROD-TOBILLERA-0573;TOBILLERA RODIO PRUEBA TST-ROD-TOBILLERA-0573;Tobilleras;177000;22;TST-12-23
TST-ROD-BALIN-0574;BALIN RODIO PRUEBA TST-ROD-BALIN-0574;Balines;43000;2;TST-12-24
TST-ROD-HERRAJE-0575;HERRAJE RODIO PRUEBA TST-ROD-HERRAJE-0575;Herrajes;77000;24;TST-12-25
TST-ROD-BARRIL-0576;BARRIL RODIO PRUEBA TST-ROD-BARRIL-0576;Barriles;111000;25;TST-12-26
TST-LAM-TOPO-0577;TOPO LAMINADO PRUEBA TST-LAM-TOPO-0577;Topos;145000;26;TST-12-27
TST-LAM-CANDONGA-0578;CANDONGA LAMINADO PRUEBA TST-LAM-CANDONGA-0578;Candongas;179000;27;TST-12-28
TST-LAM-EARCUFF-0579;EARCUFF LAMINADO PRUEBA TST-LAM-EARCUFF-0579;Earcuff;45000;28;TST-12-29
TST-LAM-CADENA-0580;CADENA LAMINADO PRUEBA TST-LAM-CADENA-0580;Cadenas;79000;0;TST-12-30
TST-LAM-DIJE-0581;DIJE LAMINADO PRUEBA TST-LAM-DIJE-0581;Dijes;113000;3;TST-12-31
TST-LAM-COLLAR-0582;COLLAR LAMINADO PRUEBA TST-LAM-COLLAR-0582;Collares;147000;31;TST-12-32
TST-LAM-ANILLO-0583;ANILLO LAMINADO PRUEBA TST-LAM-ANILLO-0583;Anillos;181000;32;TST-12-33
TST-LAM-PULSERA-0584;PULSERA LAMINADO PRUEBA TST-LAM-PULSERA-0584;Pulseras;47000;33;TST-12-34
TST-LAM-TOBILLERA-0585;TOBILLERA LAMINADO PRUEBA TST-LAM-TOBILLERA-0585;Tobilleras;81000;34;TST-12-35
TST-LAM-BALIN-0586;BALIN LAMINADO PRUEBA TST-LAM-BALIN-0586;Balines;115000;35;TST-12-36
TST-LAM-HERRAJE-0587;HERRAJE LAMINADO PRUEBA TST-LAM-HERRAJE-0587;Herrajes;149000;36;TST-12-37
TST-LAM-BARRIL-0588;BARRIL LAMINADO PRUEBA TST-LAM-BARRIL-0588;Barriles;15000;1;TST-12-38
TST-PLA-TOPO-0589;TOPO PLATA PRUEBA TST-PLA-TOPO-0589;Topos;49000;38;TST-12-39
TST-PLA-CANDONGA-0590;CANDONGA PLATA PRUEBA TST-PLA-CANDONGA-0590;Candongas;83000;0;TST-12-40
TST-PLA-EARCUFF-0591;EARCUFF PLATA PRUEBA TST-PLA-EARCUFF-0591;Earcuff;117000;40;TST-12-41
TST-PLA-CADENA-0592;CADENA PLATA PRUEBA TST-PLA-CADENA-0592;Cadenas;151000;4;TST-12-42
TST-PLA-DIJE-0593;DIJE PLATA PRUEBA TST-PLA-DIJE-0593;Dijes;17000;5;TST-12-43
TST-PLA-COLLAR-0594;COLLAR PLATA PRUEBA TST-PLA-COLLAR-0594;Collares;51000;6;TST-12-44
TST-PLA-ANILLO-0595;ANILLO PLATA PRUEBA TST-PLA-ANILLO-0595;Anillos;85000;2;TST-12-45
TST-PLA-PULSERA-0596;PULSERA PLATA PRUEBA TST-PLA-PULSERA-0596;Pulseras;119000;8;TST-12-46
TST-PLA-TOBILLERA-0597;TOBILLERA PLATA PRUEBA TST-PLA-TOBILLERA-0597;Tobilleras;153000;9;TST-12-47
TST-PLA-BALIN-0598;BALIN PLATA PRUEBA TST-PLA-BALIN-0598;Balines;19000;10;TST-12-48
TST-PLA-HERRAJE-0599;HERRAJE PLATA PRUEBA TST-PLA-HERRAJE-0599;Herrajes;53000;11;TST-12-49
TST-PLA-BARRIL-0600;BARRIL PLATA PRUEBA TST-PLA-BARRIL-0600;Barriles;87000;0;TST-12-50
TST-ROD-TOPO-0601;TOPO RODIO PRUEBA TST-ROD-TOPO-0601;Topos;121000;13;TST-13-01
TST-ROD-CANDONGA-0602;CANDONGA RODIO PRUEBA TST-ROD-CANDONGA-0602;Candongas;155000;3;TST-13-02
TST-ROD-EARCUFF-0603;EARCUFF RODIO PRUEBA TST-ROD-EARCUFF-0603;Earcuff;21000;15;TST-13-03
TST-ROD-CADENA-0604;CADENA RODIO PRUEBA TST-ROD-CADENA-0604;Cadenas;55000;16;TST-13-04
TST-ROD-DIJE-0605;DIJE RODIO PRUEBA TST-ROD-DIJE-0605;Dijes;89000;17;TST-13-05
TST-ROD-COLLAR-0606;COLLAR RODIO PRUEBA TST-ROD-COLLAR-0606;Collares;123000;18;TST-13-06
TST-ROD-ANILLO-0607;ANILLO RODIO PRUEBA TST-ROD-ANILLO-0607;Anillos;157000;19;TST-13-07
TST-ROD-PULSERA-0608;PULSERA RODIO PRUEBA TST-ROD-PULSERA-0608;Pulseras;23000;20;TST-13-08
TST-ROD-TOBILLERA-0609;TOBILLERA RODIO PRUEBA TST-ROD-TOBILLERA-0609;Tobilleras;57000;1;TST-13-09
TST-ROD-BALIN-0610;BALIN RODIO PRUEBA TST-ROD-BALIN-0610;Balines;91000;0;TST-13-10
TST-ROD-HERRAJE-0611;HERRAJE RODIO PRUEBA TST-ROD-HERRAJE-0611;Herrajes;125000;23;TST-13-11
TST-ROD-BARRIL-0612;BARRIL RODIO PRUEBA TST-ROD-BARRIL-0612;Barriles;159000;24;TST-13-12
TST-LAM-TOPO-0613;TOPO LAMINADO PRUEBA TST-LAM-TOPO-0613;Topos;25000;25;TST-13-13
TST-LAM-CANDONGA-0614;CANDONGA LAMINADO PRUEBA TST-LAM-CANDONGA-0614;Candongas;59000;26;TST-13-14
TST-LAM-EARCUFF-0615;EARCUFF LAMINADO PRUEBA TST-LAM-EARCUFF-0615;Earcuff;93000;27;TST-13-15
TST-LAM-CADENA-0616;CADENA LAMINADO PRUEBA TST-LAM-CADENA-0616;Cadenas;127000;2;TST-13-16
TST-LAM-DIJE-0617;DIJE LAMINADO PRUEBA TST-LAM-DIJE-0617;Dijes;161000;29;TST-13-17
TST-LAM-COLLAR-0618;COLLAR LAMINADO PRUEBA TST-LAM-COLLAR-0618;Collares;27000;30;TST-13-18
TST-LAM-ANILLO-0619;ANILLO LAMINADO PRUEBA TST-LAM-ANILLO-0619;Anillos;61000;31;TST-13-19
TST-LAM-PULSERA-0620;PULSERA LAMINADO PRUEBA TST-LAM-PULSERA-0620;Pulseras;95000;0;TST-13-20
TST-LAM-TOBILLERA-0621;TOBILLERA LAMINADO PRUEBA TST-LAM-TOBILLERA-0621;Tobilleras;129000;33;TST-13-21
TST-LAM-BALIN-0622;BALIN LAMINADO PRUEBA TST-LAM-BALIN-0622;Balines;163000;34;TST-13-22
TST-LAM-HERRAJE-0623;HERRAJE LAMINADO PRUEBA TST-LAM-HERRAJE-0623;Herrajes;29000;3;TST-13-23
TST-LAM-BARRIL-0624;BARRIL LAMINADO PRUEBA TST-LAM-BARRIL-0624;Barriles;63000;36;TST-13-24
TST-PLA-TOPO-0625;TOPO PLATA PRUEBA TST-PLA-TOPO-0625;Topos;97000;37;TST-13-25
TST-PLA-CANDONGA-0626;CANDONGA PLATA PRUEBA TST-PLA-CANDONGA-0626;Candongas;131000;38;TST-13-26
TST-PLA-EARCUFF-0627;EARCUFF PLATA PRUEBA TST-PLA-EARCUFF-0627;Earcuff;165000;39;TST-13-27
TST-PLA-CADENA-0628;CADENA PLATA PRUEBA TST-PLA-CADENA-0628;Cadenas;31000;40;TST-13-28
TST-PLA-DIJE-0629;DIJE PLATA PRUEBA TST-PLA-DIJE-0629;Dijes;65000;4;TST-13-29
TST-PLA-COLLAR-0630;COLLAR PLATA PRUEBA TST-PLA-COLLAR-0630;Collares;99000;0;TST-13-30
TST-PLA-ANILLO-0631;ANILLO PLATA PRUEBA TST-PLA-ANILLO-0631;Anillos;133000;6;TST-13-31
TST-PLA-PULSERA-0632;PULSERA PLATA PRUEBA TST-PLA-PULSERA-0632;Pulseras;167000;7;TST-13-32
TST-PLA-TOBILLERA-0633;TOBILLERA PLATA PRUEBA TST-PLA-TOBILLERA-0633;Tobilleras;33000;8;TST-13-33
TST-PLA-BALIN-0634;BALIN PLATA PRUEBA TST-PLA-BALIN-0634;Balines;67000;9;TST-13-34
TST-PLA-HERRAJE-0635;HERRAJE PLATA PRUEBA TST-PLA-HERRAJE-0635;Herrajes;101000;10;TST-13-35
TST-PLA-BARRIL-0636;BARRIL PLATA PRUEBA TST-PLA-BARRIL-0636;Barriles;135000;11;TST-13-36
TST-ROD-TOPO-0637;TOPO RODIO PRUEBA TST-ROD-TOPO-0637;Topos;169000;2;TST-13-37
TST-ROD-CANDONGA-0638;CANDONGA RODIO PRUEBA TST-ROD-CANDONGA-0638;Candongas;35000;13;TST-13-38
TST-ROD-EARCUFF-0639;EARCUFF RODIO PRUEBA TST-ROD-EARCUFF-0639;Earcuff;69000;14;TST-13-39
TST-ROD-CADENA-0640;CADENA RODIO PRUEBA TST-ROD-CADENA-0640;Cadenas;103000;0;TST-13-40
TST-ROD-DIJE-0641;DIJE RODIO PRUEBA TST-ROD-DIJE-0641;Dijes;137000;16;TST-13-41
TST-ROD-COLLAR-0642;COLLAR RODIO PRUEBA TST-ROD-COLLAR-0642;Collares;171000;17;TST-13-42
TST-ROD-ANILLO-0643;ANILLO RODIO PRUEBA TST-ROD-ANILLO-0643;Anillos;37000;18;TST-13-43
TST-ROD-PULSERA-0644;PULSERA RODIO PRUEBA TST-ROD-PULSERA-0644;Pulseras;71000;3;TST-13-44
TST-ROD-TOBILLERA-0645;TOBILLERA RODIO PRUEBA TST-ROD-TOBILLERA-0645;Tobilleras;105000;20;TST-13-45
TST-ROD-BALIN-0646;BALIN RODIO PRUEBA TST-ROD-BALIN-0646;Balines;139000;21;TST-13-46
TST-ROD-HERRAJE-0647;HERRAJE RODIO PRUEBA TST-ROD-HERRAJE-0647;Herrajes;173000;22;TST-13-47
TST-ROD-BARRIL-0648;BARRIL RODIO PRUEBA TST-ROD-BARRIL-0648;Barriles;39000;23;TST-13-48
TST-LAM-TOPO-0649;TOPO LAMINADO PRUEBA TST-LAM-TOPO-0649;Topos;73000;24;TST-13-49
TST-LAM-CANDONGA-0650;CANDONGA LAMINADO PRUEBA TST-LAM-CANDONGA-0650;Candongas;107000;0;TST-13-50
TST-LAM-EARCUFF-0651;EARCUFF LAMINADO PRUEBA TST-LAM-EARCUFF-0651;Earcuff;141000;1;TST-14-01
TST-LAM-CADENA-0652;CADENA LAMINADO PRUEBA TST-LAM-CADENA-0652;Cadenas;175000;27;TST-14-02
TST-LAM-DIJE-0653;DIJE LAMINADO PRUEBA TST-LAM-DIJE-0653;Dijes;41000;28;TST-14-03
TST-LAM-COLLAR-0654;COLLAR LAMINADO PRUEBA TST-LAM-COLLAR-0654;Collares;75000;29;TST-14-04
TST-LAM-ANILLO-0655;ANILLO LAMINADO PRUEBA TST-LAM-ANILLO-0655;Anillos;109000;30;TST-14-05
TST-LAM-PULSERA-0656;PULSERA LAMINADO PRUEBA TST-LAM-PULSERA-0656;Pulseras;143000;31;TST-14-06
TST-LAM-TOBILLERA-0657;TOBILLERA LAMINADO PRUEBA TST-LAM-TOBILLERA-0657;Tobilleras;177000;32;TST-14-07
TST-LAM-BALIN-0658;BALIN LAMINADO PRUEBA TST-LAM-BALIN-0658;Balines;43000;2;TST-14-08
TST-LAM-HERRAJE-0659;HERRAJE LAMINADO PRUEBA TST-LAM-HERRAJE-0659;Herrajes;77000;34;TST-14-09
TST-LAM-BARRIL-0660;BARRIL LAMINADO PRUEBA TST-LAM-BARRIL-0660;Barriles;111000;0;TST-14-10
TST-PLA-TOPO-0661;TOPO PLATA PRUEBA TST-PLA-TOPO-0661;Topos;145000;36;TST-14-11
TST-PLA-CANDONGA-0662;CANDONGA PLATA PRUEBA TST-PLA-CANDONGA-0662;Candongas;179000;37;TST-14-12
TST-PLA-EARCUFF-0663;EARCUFF PLATA PRUEBA TST-PLA-EARCUFF-0663;Earcuff;45000;38;TST-14-13
TST-PLA-CADENA-0664;CADENA PLATA PRUEBA TST-PLA-CADENA-0664;Cadenas;79000;39;TST-14-14
TST-PLA-DIJE-0665;DIJE PLATA PRUEBA TST-PLA-DIJE-0665;Dijes;113000;3;TST-14-15
TST-PLA-COLLAR-0666;COLLAR PLATA PRUEBA TST-PLA-COLLAR-0666;Collares;147000;4;TST-14-16
TST-PLA-ANILLO-0667;ANILLO PLATA PRUEBA TST-PLA-ANILLO-0667;Anillos;181000;5;TST-14-17
TST-PLA-PULSERA-0668;PULSERA PLATA PRUEBA TST-PLA-PULSERA-0668;Pulseras;47000;6;TST-14-18
TST-PLA-TOBILLERA-0669;TOBILLERA PLATA PRUEBA TST-PLA-TOBILLERA-0669;Tobilleras;81000;7;TST-14-19
TST-PLA-BALIN-0670;BALIN PLATA PRUEBA TST-PLA-BALIN-0670;Balines;115000;0;TST-14-20
TST-PLA-HERRAJE-0671;HERRAJE PLATA PRUEBA TST-PLA-HERRAJE-0671;Herrajes;149000;9;TST-14-21
TST-PLA-BARRIL-0672;BARRIL PLATA PRUEBA TST-PLA-BARRIL-0672;Barriles;15000;1;TST-14-22
TST-ROD-TOPO-0673;TOPO RODIO PRUEBA TST-ROD-TOPO-0673;Topos;49000;11;TST-14-23
TST-ROD-CANDONGA-0674;CANDONGA RODIO PRUEBA TST-ROD-CANDONGA-0674;Candongas;83000;12;TST-14-24
TST-ROD-EARCUFF-0675;EARCUFF RODIO PRUEBA TST-ROD-EARCUFF-0675;Earcuff;117000;13;TST-14-25
TST-ROD-CADENA-0676;CADENA RODIO PRUEBA TST-ROD-CADENA-0676;Cadenas;151000;14;TST-14-26
TST-ROD-DIJE-0677;DIJE RODIO PRUEBA TST-ROD-DIJE-0677;Dijes;17000;15;TST-14-27
TST-ROD-COLLAR-0678;COLLAR RODIO PRUEBA TST-ROD-COLLAR-0678;Collares;51000;16;TST-14-28
TST-ROD-ANILLO-0679;ANILLO RODIO PRUEBA TST-ROD-ANILLO-0679;Anillos;85000;2;TST-14-29
TST-ROD-PULSERA-0680;PULSERA RODIO PRUEBA TST-ROD-PULSERA-0680;Pulseras;119000;0;TST-14-30
TST-ROD-TOBILLERA-0681;TOBILLERA RODIO PRUEBA TST-ROD-TOBILLERA-0681;Tobilleras;153000;19;TST-14-31
TST-ROD-BALIN-0682;BALIN RODIO PRUEBA TST-ROD-BALIN-0682;Balines;19000;20;TST-14-32
TST-ROD-HERRAJE-0683;HERRAJE RODIO PRUEBA TST-ROD-HERRAJE-0683;Herrajes;53000;21;TST-14-33
TST-ROD-BARRIL-0684;BARRIL RODIO PRUEBA TST-ROD-BARRIL-0684;Barriles;87000;22;TST-14-34
TST-LAM-TOPO-0685;TOPO LAMINADO PRUEBA TST-LAM-TOPO-0685;Topos;121000;23;TST-14-35
TST-LAM-CANDONGA-0686;CANDONGA LAMINADO PRUEBA TST-LAM-CANDONGA-0686;Candongas;155000;3;TST-14-36
TST-LAM-EARCUFF-0687;EARCUFF LAMINADO PRUEBA TST-LAM-EARCUFF-0687;Earcuff;21000;25;TST-14-37
TST-LAM-CADENA-0688;CADENA LAMINADO PRUEBA TST-LAM-CADENA-0688;Cadenas;55000;26;TST-14-38
TST-LAM-DIJE-0689;DIJE LAMINADO PRUEBA TST-LAM-DIJE-0689;Dijes;89000;27;TST-14-39
TST-LAM-COLLAR-0690;COLLAR LAMINADO PRUEBA TST-LAM-COLLAR-0690;Collares;123000;0;TST-14-40
TST-LAM-ANILLO-0691;ANILLO LAMINADO PRUEBA TST-LAM-ANILLO-0691;Anillos;157000;29;TST-14-41
TST-LAM-PULSERA-0692;PULSERA LAMINADO PRUEBA TST-LAM-PULSERA-0692;Pulseras;23000;30;TST-14-42
TST-LAM-TOBILLERA-0693;TOBILLERA LAMINADO PRUEBA TST-LAM-TOBILLERA-0693;Tobilleras;57000;1;TST-14-43
TST-LAM-BALIN-0694;BALIN LAMINADO PRUEBA TST-LAM-BALIN-0694;Balines;91000;32;TST-14-44
TST-LAM-HERRAJE-0695;HERRAJE LAMINADO PRUEBA TST-LAM-HERRAJE-0695;Herrajes;125000;33;TST-14-45
TST-LAM-BARRIL-0696;BARRIL LAMINADO PRUEBA TST-LAM-BARRIL-0696;Barriles;159000;34;TST-14-46
TST-PLA-TOPO-0697;TOPO PLATA PRUEBA TST-PLA-TOPO-0697;Topos;25000;35;TST-14-47
TST-PLA-CANDONGA-0698;CANDONGA PLATA PRUEBA TST-PLA-CANDONGA-0698;Candongas;59000;36;TST-14-48
TST-PLA-EARCUFF-0699;EARCUFF PLATA PRUEBA TST-PLA-EARCUFF-0699;Earcuff;93000;37;TST-14-49
TST-PLA-CADENA-0700;CADENA PLATA PRUEBA TST-PLA-CADENA-0700;Cadenas;127000;0;TST-14-50
TST-PLA-DIJE-0701;DIJE PLATA PRUEBA TST-PLA-DIJE-0701;Dijes;161000;39;TST-15-01
TST-PLA-COLLAR-0702;COLLAR PLATA PRUEBA TST-PLA-COLLAR-0702;Collares;27000;40;TST-15-02
TST-PLA-ANILLO-0703;ANILLO PLATA PRUEBA TST-PLA-ANILLO-0703;Anillos;61000;4;TST-15-03
TST-PLA-PULSERA-0704;PULSERA PLATA PRUEBA TST-PLA-PULSERA-0704;Pulseras;95000;5;TST-15-04
TST-PLA-TOBILLERA-0705;TOBILLERA PLATA PRUEBA TST-PLA-TOBILLERA-0705;Tobilleras;129000;6;TST-15-05
TST-PLA-BALIN-0706;BALIN PLATA PRUEBA TST-PLA-BALIN-0706;Balines;163000;7;TST-15-06
TST-PLA-HERRAJE-0707;HERRAJE PLATA PRUEBA TST-PLA-HERRAJE-0707;Herrajes;29000;3;TST-15-07
TST-PLA-BARRIL-0708;BARRIL PLATA PRUEBA TST-PLA-BARRIL-0708;Barriles;63000;9;TST-15-08
TST-ROD-TOPO-0709;TOPO RODIO PRUEBA TST-ROD-TOPO-0709;Topos;97000;10;TST-15-09
TST-ROD-CANDONGA-0710;CANDONGA RODIO PRUEBA TST-ROD-CANDONGA-0710;Candongas;131000;0;TST-15-10
TST-ROD-EARCUFF-0711;EARCUFF RODIO PRUEBA TST-ROD-EARCUFF-0711;Earcuff;165000;12;TST-15-11
TST-ROD-CADENA-0712;CADENA RODIO PRUEBA TST-ROD-CADENA-0712;Cadenas;31000;13;TST-15-12
TST-ROD-DIJE-0713;DIJE RODIO PRUEBA TST-ROD-DIJE-0713;Dijes;65000;14;TST-15-13
TST-ROD-COLLAR-0714;COLLAR RODIO PRUEBA TST-ROD-COLLAR-0714;Collares;99000;1;TST-15-14
TST-ROD-ANILLO-0715;ANILLO RODIO PRUEBA TST-ROD-ANILLO-0715;Anillos;133000;16;TST-15-15
TST-ROD-PULSERA-0716;PULSERA RODIO PRUEBA TST-ROD-PULSERA-0716;Pulseras;167000;17;TST-15-16
TST-ROD-TOBILLERA-0717;TOBILLERA RODIO PRUEBA TST-ROD-TOBILLERA-0717;Tobilleras;33000;18;TST-15-17
TST-ROD-BALIN-0718;BALIN RODIO PRUEBA TST-ROD-BALIN-0718;Balines;67000;19;TST-15-18
TST-ROD-HERRAJE-0719;HERRAJE RODIO PRUEBA TST-ROD-HERRAJE-0719;Herrajes;101000;20;TST-15-19
TST-ROD-BARRIL-0720;BARRIL RODIO PRUEBA TST-ROD-BARRIL-0720;Barriles;135000;0;TST-15-20
TST-LAM-TOPO-0721;TOPO LAMINADO PRUEBA TST-LAM-TOPO-0721;Topos;169000;2;TST-15-21
TST-LAM-CANDONGA-0722;CANDONGA LAMINADO PRUEBA TST-LAM-CANDONGA-0722;Candongas;35000;23;TST-15-22
TST-LAM-EARCUFF-0723;EARCUFF LAMINADO PRUEBA TST-LAM-EARCUFF-0723;Earcuff;69000;24;TST-15-23
TST-LAM-CADENA-0724;CADENA LAMINADO PRUEBA TST-LAM-CADENA-0724;Cadenas;103000;25;TST-15-24
TST-LAM-DIJE-0725;DIJE LAMINADO PRUEBA TST-LAM-DIJE-0725;Dijes;137000;26;TST-15-25
TST-LAM-COLLAR-0726;COLLAR LAMINADO PRUEBA TST-LAM-COLLAR-0726;Collares;171000;27;TST-15-26
TST-LAM-ANILLO-0727;ANILLO LAMINADO PRUEBA TST-LAM-ANILLO-0727;Anillos;37000;28;TST-15-27
TST-LAM-PULSERA-0728;PULSERA LAMINADO PRUEBA TST-LAM-PULSERA-0728;Pulseras;71000;3;TST-15-28
TST-LAM-TOBILLERA-0729;TOBILLERA LAMINADO PRUEBA TST-LAM-TOBILLERA-0729;Tobilleras;105000;30;TST-15-29
TST-LAM-BALIN-0730;BALIN LAMINADO PRUEBA TST-LAM-BALIN-0730;Balines;139000;0;TST-15-30
TST-LAM-HERRAJE-0731;HERRAJE LAMINADO PRUEBA TST-LAM-HERRAJE-0731;Herrajes;173000;32;TST-15-31
TST-LAM-BARRIL-0732;BARRIL LAMINADO PRUEBA TST-LAM-BARRIL-0732;Barriles;39000;33;TST-15-32
TST-PLA-TOPO-0733;TOPO PLATA PRUEBA TST-PLA-TOPO-0733;Topos;73000;34;TST-15-33
TST-PLA-CANDONGA-0734;CANDONGA PLATA PRUEBA TST-PLA-CANDONGA-0734;Candongas;107000;35;TST-15-34
TST-PLA-EARCUFF-0735;EARCUFF PLATA PRUEBA TST-PLA-EARCUFF-0735;Earcuff;141000;1;TST-15-35
TST-PLA-CADENA-0736;CADENA PLATA PRUEBA TST-PLA-CADENA-0736;Cadenas;175000;37;TST-15-36
TST-PLA-DIJE-0737;DIJE PLATA PRUEBA TST-PLA-DIJE-0737;Dijes;41000;38;TST-15-37
TST-PLA-COLLAR-0738;COLLAR PLATA PRUEBA TST-PLA-COLLAR-0738;Collares;75000;39;TST-15-38
TST-PLA-ANILLO-0739;ANILLO PLATA PRUEBA TST-PLA-ANILLO-0739;Anillos;109000;40;TST-15-39
TST-PLA-PULSERA-0740;PULSERA PLATA PRUEBA TST-PLA-PULSERA-0740;Pulseras;143000;0;TST-15-40
TST-PLA-TOBILLERA-0741;TOBILLERA PLATA PRUEBA TST-PLA-TOBILLERA-0741;Tobilleras;177000;5;TST-15-41
TST-PLA-BALIN-0742;BALIN PLATA PRUEBA TST-PLA-BALIN-0742;Balines;43000;2;TST-15-42
TST-PLA-HERRAJE-0743;HERRAJE PLATA PRUEBA TST-PLA-HERRAJE-0743;Herrajes;77000;7;TST-15-43
TST-PLA-BARRIL-0744;BARRIL PLATA PRUEBA TST-PLA-BARRIL-0744;Barriles;111000;8;TST-15-44
TST-ROD-TOPO-0745;TOPO RODIO PRUEBA TST-ROD-TOPO-0745;Topos;145000;9;TST-15-45
TST-ROD-CANDONGA-0746;CANDONGA RODIO PRUEBA TST-ROD-CANDONGA-0746;Candongas;179000;10;TST-15-46
TST-ROD-EARCUFF-0747;EARCUFF RODIO PRUEBA TST-ROD-EARCUFF-0747;Earcuff;45000;11;TST-15-47
TST-ROD-CADENA-0748;CADENA RODIO PRUEBA TST-ROD-CADENA-0748;Cadenas;79000;12;TST-15-48
TST-ROD-DIJE-0749;DIJE RODIO PRUEBA TST-ROD-DIJE-0749;Dijes;113000;3;TST-15-49
TST-ROD-COLLAR-0750;COLLAR RODIO PRUEBA TST-ROD-COLLAR-0750;Collares;147000;0;TST-15-50
TST-ROD-ANILLO-0751;ANILLO RODIO PRUEBA TST-ROD-ANILLO-0751;Anillos;181000;15;TST-16-01
TST-ROD-PULSERA-0752;PULSERA RODIO PRUEBA TST-ROD-PULSERA-0752;Pulseras;47000;16;TST-16-02
TST-ROD-TOBILLERA-0753;TOBILLERA RODIO PRUEBA TST-ROD-TOBILLERA-0753;Tobilleras;81000;17;TST-16-03
TST-ROD-BALIN-0754;BALIN RODIO PRUEBA TST-ROD-BALIN-0754;Balines;115000;18;TST-16-04
TST-ROD-HERRAJE-0755;HERRAJE RODIO PRUEBA TST-ROD-HERRAJE-0755;Herrajes;149000;19;TST-16-05
TST-ROD-BARRIL-0756;BARRIL RODIO PRUEBA TST-ROD-BARRIL-0756;Barriles;15000;1;TST-16-06
TST-LAM-TOPO-0757;TOPO LAMINADO PRUEBA TST-LAM-TOPO-0757;Topos;49000;21;TST-16-07
TST-LAM-CANDONGA-0758;CANDONGA LAMINADO PRUEBA TST-LAM-CANDONGA-0758;Candongas;83000;22;TST-16-08
TST-LAM-EARCUFF-0759;EARCUFF LAMINADO PRUEBA TST-LAM-EARCUFF-0759;Earcuff;117000;23;TST-16-09
TST-LAM-CADENA-0760;CADENA LAMINADO PRUEBA TST-LAM-CADENA-0760;Cadenas;151000;0;TST-16-10
TST-LAM-DIJE-0761;DIJE LAMINADO PRUEBA TST-LAM-DIJE-0761;Dijes;17000;25;TST-16-11
TST-LAM-COLLAR-0762;COLLAR LAMINADO PRUEBA TST-LAM-COLLAR-0762;Collares;51000;26;TST-16-12
TST-LAM-ANILLO-0763;ANILLO LAMINADO PRUEBA TST-LAM-ANILLO-0763;Anillos;85000;2;TST-16-13
TST-LAM-PULSERA-0764;PULSERA LAMINADO PRUEBA TST-LAM-PULSERA-0764;Pulseras;119000;28;TST-16-14
TST-LAM-TOBILLERA-0765;TOBILLERA LAMINADO PRUEBA TST-LAM-TOBILLERA-0765;Tobilleras;153000;29;TST-16-15
TST-LAM-BALIN-0766;BALIN LAMINADO PRUEBA TST-LAM-BALIN-0766;Balines;19000;30;TST-16-16
TST-LAM-HERRAJE-0767;HERRAJE LAMINADO PRUEBA TST-LAM-HERRAJE-0767;Herrajes;53000;31;TST-16-17
TST-LAM-BARRIL-0768;BARRIL LAMINADO PRUEBA TST-LAM-BARRIL-0768;Barriles;87000;32;TST-16-18
TST-PLA-TOPO-0769;TOPO PLATA PRUEBA TST-PLA-TOPO-0769;Topos;121000;33;TST-16-19
TST-PLA-CANDONGA-0770;CANDONGA PLATA PRUEBA TST-PLA-CANDONGA-0770;Candongas;155000;0;TST-16-20
TST-PLA-EARCUFF-0771;EARCUFF PLATA PRUEBA TST-PLA-EARCUFF-0771;Earcuff;21000;35;TST-16-21
TST-PLA-CADENA-0772;CADENA PLATA PRUEBA TST-PLA-CADENA-0772;Cadenas;55000;36;TST-16-22
TST-PLA-DIJE-0773;DIJE PLATA PRUEBA TST-PLA-DIJE-0773;Dijes;89000;37;TST-16-23
TST-PLA-COLLAR-0774;COLLAR PLATA PRUEBA TST-PLA-COLLAR-0774;Collares;123000;38;TST-16-24
TST-PLA-ANILLO-0775;ANILLO PLATA PRUEBA TST-PLA-ANILLO-0775;Anillos;157000;39;TST-16-25
TST-PLA-PULSERA-0776;PULSERA PLATA PRUEBA TST-PLA-PULSERA-0776;Pulseras;23000;40;TST-16-26
TST-PLA-TOBILLERA-0777;TOBILLERA PLATA PRUEBA TST-PLA-TOBILLERA-0777;Tobilleras;57000;1;TST-16-27
TST-PLA-BALIN-0778;BALIN PLATA PRUEBA TST-PLA-BALIN-0778;Balines;91000;5;TST-16-28
TST-PLA-HERRAJE-0779;HERRAJE PLATA PRUEBA TST-PLA-HERRAJE-0779;Herrajes;125000;6;TST-16-29
TST-PLA-BARRIL-0780;BARRIL PLATA PRUEBA TST-PLA-BARRIL-0780;Barriles;159000;0;TST-16-30
TST-ROD-TOPO-0781;TOPO RODIO PRUEBA TST-ROD-TOPO-0781;Topos;25000;8;TST-16-31
TST-ROD-CANDONGA-0782;CANDONGA RODIO PRUEBA TST-ROD-CANDONGA-0782;Candongas;59000;9;TST-16-32
TST-ROD-EARCUFF-0783;EARCUFF RODIO PRUEBA TST-ROD-EARCUFF-0783;Earcuff;93000;10;TST-16-33
TST-ROD-CADENA-0784;CADENA RODIO PRUEBA TST-ROD-CADENA-0784;Cadenas;127000;2;TST-16-34
TST-ROD-DIJE-0785;DIJE RODIO PRUEBA TST-ROD-DIJE-0785;Dijes;161000;12;TST-16-35
TST-ROD-COLLAR-0786;COLLAR RODIO PRUEBA TST-ROD-COLLAR-0786;Collares;27000;13;TST-16-36
TST-ROD-ANILLO-0787;ANILLO RODIO PRUEBA TST-ROD-ANILLO-0787;Anillos;61000;14;TST-16-37
TST-ROD-PULSERA-0788;PULSERA RODIO PRUEBA TST-ROD-PULSERA-0788;Pulseras;95000;15;TST-16-38
TST-ROD-TOBILLERA-0789;TOBILLERA RODIO PRUEBA TST-ROD-TOBILLERA-0789;Tobilleras;129000;16;TST-16-39
TST-ROD-BALIN-0790;BALIN RODIO PRUEBA TST-ROD-BALIN-0790;Balines;163000;0;TST-16-40
TST-ROD-HERRAJE-0791;HERRAJE RODIO PRUEBA TST-ROD-HERRAJE-0791;Herrajes;29000;3;TST-16-41
TST-ROD-BARRIL-0792;BARRIL RODIO PRUEBA TST-ROD-BARRIL-0792;Barriles;63000;19;TST-16-42
TST-LAM-TOPO-0793;TOPO LAMINADO PRUEBA TST-LAM-TOPO-0793;Topos;97000;20;TST-16-43
TST-LAM-CANDONGA-0794;CANDONGA LAMINADO PRUEBA TST-LAM-CANDONGA-0794;Candongas;131000;21;TST-16-44
TST-LAM-EARCUFF-0795;EARCUFF LAMINADO PRUEBA TST-LAM-EARCUFF-0795;Earcuff;165000;22;TST-16-45
TST-LAM-CADENA-0796;CADENA LAMINADO PRUEBA TST-LAM-CADENA-0796;Cadenas;31000;23;TST-16-46
TST-LAM-DIJE-0797;DIJE LAMINADO PRUEBA TST-LAM-DIJE-0797;Dijes;65000;24;TST-16-47
TST-LAM-COLLAR-0798;COLLAR LAMINADO PRUEBA TST-LAM-COLLAR-0798;Collares;99000;1;TST-16-48
TST-LAM-ANILLO-0799;ANILLO LAMINADO PRUEBA TST-LAM-ANILLO-0799;Anillos;133000;26;TST-16-49
TST-LAM-PULSERA-0800;PULSERA LAMINADO PRUEBA TST-LAM-PULSERA-0800;Pulseras;167000;0;TST-16-50
TST-LAM-TOBILLERA-0801;TOBILLERA LAMINADO PRUEBA TST-LAM-TOBILLERA-0801;Tobilleras;33000;28;TST-17-01
TST-LAM-BALIN-0802;BALIN LAMINADO PRUEBA TST-LAM-BALIN-0802;Balines;67000;29;TST-17-02
TST-LAM-HERRAJE-0803;HERRAJE LAMINADO PRUEBA TST-LAM-HERRAJE-0803;Herrajes;101000;30;TST-17-03
TST-LAM-BARRIL-0804;BARRIL LAMINADO PRUEBA TST-LAM-BARRIL-0804;Barriles;135000;31;TST-17-04
TST-PLA-TOPO-0805;TOPO PLATA PRUEBA TST-PLA-TOPO-0805;Topos;169000;2;TST-17-05
TST-PLA-CANDONGA-0806;CANDONGA PLATA PRUEBA TST-PLA-CANDONGA-0806;Candongas;35000;33;TST-17-06
TST-PLA-EARCUFF-0807;EARCUFF PLATA PRUEBA TST-PLA-EARCUFF-0807;Earcuff;69000;34;TST-17-07
TST-PLA-CADENA-0808;CADENA PLATA PRUEBA TST-PLA-CADENA-0808;Cadenas;103000;35;TST-17-08
TST-PLA-DIJE-0809;DIJE PLATA PRUEBA TST-PLA-DIJE-0809;Dijes;137000;36;TST-17-09
TST-PLA-COLLAR-0810;COLLAR PLATA PRUEBA TST-PLA-COLLAR-0810;Collares;171000;0;TST-17-10
TST-PLA-ANILLO-0811;ANILLO PLATA PRUEBA TST-PLA-ANILLO-0811;Anillos;37000;38;TST-17-11
TST-PLA-PULSERA-0812;PULSERA PLATA PRUEBA TST-PLA-PULSERA-0812;Pulseras;71000;3;TST-17-12
TST-PLA-TOBILLERA-0813;TOBILLERA PLATA PRUEBA TST-PLA-TOBILLERA-0813;Tobilleras;105000;40;TST-17-13
TST-PLA-BALIN-0814;BALIN PLATA PRUEBA TST-PLA-BALIN-0814;Balines;139000;4;TST-17-14
TST-PLA-HERRAJE-0815;HERRAJE PLATA PRUEBA TST-PLA-HERRAJE-0815;Herrajes;173000;5;TST-17-15
TST-PLA-BARRIL-0816;BARRIL PLATA PRUEBA TST-PLA-BARRIL-0816;Barriles;39000;6;TST-17-16
TST-ROD-TOPO-0817;TOPO RODIO PRUEBA TST-ROD-TOPO-0817;Topos;73000;7;TST-17-17
TST-ROD-CANDONGA-0818;CANDONGA RODIO PRUEBA TST-ROD-CANDONGA-0818;Candongas;107000;8;TST-17-18
TST-ROD-EARCUFF-0819;EARCUFF RODIO PRUEBA TST-ROD-EARCUFF-0819;Earcuff;141000;1;TST-17-19
TST-ROD-CADENA-0820;CADENA RODIO PRUEBA TST-ROD-CADENA-0820;Cadenas;175000;0;TST-17-20
TST-ROD-DIJE-0821;DIJE RODIO PRUEBA TST-ROD-DIJE-0821;Dijes;41000;11;TST-17-21
TST-ROD-COLLAR-0822;COLLAR RODIO PRUEBA TST-ROD-COLLAR-0822;Collares;75000;12;TST-17-22
TST-ROD-ANILLO-0823;ANILLO RODIO PRUEBA TST-ROD-ANILLO-0823;Anillos;109000;13;TST-17-23
TST-ROD-PULSERA-0824;PULSERA RODIO PRUEBA TST-ROD-PULSERA-0824;Pulseras;143000;14;TST-17-24
TST-ROD-TOBILLERA-0825;TOBILLERA RODIO PRUEBA TST-ROD-TOBILLERA-0825;Tobilleras;177000;15;TST-17-25
TST-ROD-BALIN-0826;BALIN RODIO PRUEBA TST-ROD-BALIN-0826;Balines;43000;2;TST-17-26
TST-ROD-HERRAJE-0827;HERRAJE RODIO PRUEBA TST-ROD-HERRAJE-0827;Herrajes;77000;17;TST-17-27
TST-ROD-BARRIL-0828;BARRIL RODIO PRUEBA TST-ROD-BARRIL-0828;Barriles;111000;18;TST-17-28
TST-LAM-TOPO-0829;TOPO LAMINADO PRUEBA TST-LAM-TOPO-0829;Topos;145000;19;TST-17-29
TST-LAM-CANDONGA-0830;CANDONGA LAMINADO PRUEBA TST-LAM-CANDONGA-0830;Candongas;179000;0;TST-17-30
TST-LAM-EARCUFF-0831;EARCUFF LAMINADO PRUEBA TST-LAM-EARCUFF-0831;Earcuff;45000;21;TST-17-31
TST-LAM-CADENA-0832;CADENA LAMINADO PRUEBA TST-LAM-CADENA-0832;Cadenas;79000;22;TST-17-32
TST-LAM-DIJE-0833;DIJE LAMINADO PRUEBA TST-LAM-DIJE-0833;Dijes;113000;3;TST-17-33
TST-LAM-COLLAR-0834;COLLAR LAMINADO PRUEBA TST-LAM-COLLAR-0834;Collares;147000;24;TST-17-34
TST-LAM-ANILLO-0835;ANILLO LAMINADO PRUEBA TST-LAM-ANILLO-0835;Anillos;181000;25;TST-17-35
TST-LAM-PULSERA-0836;PULSERA LAMINADO PRUEBA TST-LAM-PULSERA-0836;Pulseras;47000;26;TST-17-36
TST-LAM-TOBILLERA-0837;TOBILLERA LAMINADO PRUEBA TST-LAM-TOBILLERA-0837;Tobilleras;81000;27;TST-17-37
TST-LAM-BALIN-0838;BALIN LAMINADO PRUEBA TST-LAM-BALIN-0838;Balines;115000;28;TST-17-38
TST-LAM-HERRAJE-0839;HERRAJE LAMINADO PRUEBA TST-LAM-HERRAJE-0839;Herrajes;149000;29;TST-17-39
TST-LAM-BARRIL-0840;BARRIL LAMINADO PRUEBA TST-LAM-BARRIL-0840;Barriles;15000;0;TST-17-40
TST-PLA-TOPO-0841;TOPO PLATA PRUEBA TST-PLA-TOPO-0841;Topos;49000;31;TST-17-41
TST-PLA-CANDONGA-0842;CANDONGA PLATA PRUEBA TST-PLA-CANDONGA-0842;Candongas;83000;32;TST-17-42
TST-PLA-EARCUFF-0843;EARCUFF PLATA PRUEBA TST-PLA-EARCUFF-0843;Earcuff;117000;33;TST-17-43
TST-PLA-CADENA-0844;CADENA PLATA PRUEBA TST-PLA-CADENA-0844;Cadenas;151000;34;TST-17-44
TST-PLA-DIJE-0845;DIJE PLATA PRUEBA TST-PLA-DIJE-0845;Dijes;17000;35;TST-17-45
TST-PLA-COLLAR-0846;COLLAR PLATA PRUEBA TST-PLA-COLLAR-0846;Collares;51000;36;TST-17-46
TST-PLA-ANILLO-0847;ANILLO PLATA PRUEBA TST-PLA-ANILLO-0847;Anillos;85000;2;TST-17-47
TST-PLA-PULSERA-0848;PULSERA PLATA PRUEBA TST-PLA-PULSERA-0848;Pulseras;119000;38;TST-17-48
TST-PLA-TOBILLERA-0849;TOBILLERA PLATA PRUEBA TST-PLA-TOBILLERA-0849;Tobilleras;153000;39;TST-17-49
TST-PLA-BALIN-0850;BALIN PLATA PRUEBA TST-PLA-BALIN-0850;Balines;19000;0;TST-17-50
TST-PLA-HERRAJE-0851;HERRAJE PLATA PRUEBA TST-PLA-HERRAJE-0851;Herrajes;53000;4;TST-18-01
TST-PLA-BARRIL-0852;BARRIL PLATA PRUEBA TST-PLA-BARRIL-0852;Barriles;87000;5;TST-18-02
TST-ROD-TOPO-0853;TOPO RODIO PRUEBA TST-ROD-TOPO-0853;Topos;121000;6;TST-18-03
TST-ROD-CANDONGA-0854;CANDONGA RODIO PRUEBA TST-ROD-CANDONGA-0854;Candongas;155000;3;TST-18-04
TST-ROD-EARCUFF-0855;EARCUFF RODIO PRUEBA TST-ROD-EARCUFF-0855;Earcuff;21000;8;TST-18-05
TST-ROD-CADENA-0856;CADENA RODIO PRUEBA TST-ROD-CADENA-0856;Cadenas;55000;9;TST-18-06
TST-ROD-DIJE-0857;DIJE RODIO PRUEBA TST-ROD-DIJE-0857;Dijes;89000;10;TST-18-07
TST-ROD-COLLAR-0858;COLLAR RODIO PRUEBA TST-ROD-COLLAR-0858;Collares;123000;11;TST-18-08
TST-ROD-ANILLO-0859;ANILLO RODIO PRUEBA TST-ROD-ANILLO-0859;Anillos;157000;12;TST-18-09
TST-ROD-PULSERA-0860;PULSERA RODIO PRUEBA TST-ROD-PULSERA-0860;Pulseras;23000;0;TST-18-10
TST-ROD-TOBILLERA-0861;TOBILLERA RODIO PRUEBA TST-ROD-TOBILLERA-0861;Tobilleras;57000;1;TST-18-11
TST-ROD-BALIN-0862;BALIN RODIO PRUEBA TST-ROD-BALIN-0862;Balines;91000;15;TST-18-12
TST-ROD-HERRAJE-0863;HERRAJE RODIO PRUEBA TST-ROD-HERRAJE-0863;Herrajes;125000;16;TST-18-13
TST-ROD-BARRIL-0864;BARRIL RODIO PRUEBA TST-ROD-BARRIL-0864;Barriles;159000;17;TST-18-14
TST-LAM-TOPO-0865;TOPO LAMINADO PRUEBA TST-LAM-TOPO-0865;Topos;25000;18;TST-18-15
TST-LAM-CANDONGA-0866;CANDONGA LAMINADO PRUEBA TST-LAM-CANDONGA-0866;Candongas;59000;19;TST-18-16
TST-LAM-EARCUFF-0867;EARCUFF LAMINADO PRUEBA TST-LAM-EARCUFF-0867;Earcuff;93000;20;TST-18-17
TST-LAM-CADENA-0868;CADENA LAMINADO PRUEBA TST-LAM-CADENA-0868;Cadenas;127000;2;TST-18-18
TST-LAM-DIJE-0869;DIJE LAMINADO PRUEBA TST-LAM-DIJE-0869;Dijes;161000;22;TST-18-19
TST-LAM-COLLAR-0870;COLLAR LAMINADO PRUEBA TST-LAM-COLLAR-0870;Collares;27000;0;TST-18-20
TST-LAM-ANILLO-0871;ANILLO LAMINADO PRUEBA TST-LAM-ANILLO-0871;Anillos;61000;24;TST-18-21
TST-LAM-PULSERA-0872;PULSERA LAMINADO PRUEBA TST-LAM-PULSERA-0872;Pulseras;95000;25;TST-18-22
TST-LAM-TOBILLERA-0873;TOBILLERA LAMINADO PRUEBA TST-LAM-TOBILLERA-0873;Tobilleras;129000;26;TST-18-23
TST-LAM-BALIN-0874;BALIN LAMINADO PRUEBA TST-LAM-BALIN-0874;Balines;163000;27;TST-18-24
TST-LAM-HERRAJE-0875;HERRAJE LAMINADO PRUEBA TST-LAM-HERRAJE-0875;Herrajes;29000;3;TST-18-25
TST-LAM-BARRIL-0876;BARRIL LAMINADO PRUEBA TST-LAM-BARRIL-0876;Barriles;63000;29;TST-18-26
TST-PLA-TOPO-0877;TOPO PLATA PRUEBA TST-PLA-TOPO-0877;Topos;97000;30;TST-18-27
TST-PLA-CANDONGA-0878;CANDONGA PLATA PRUEBA TST-PLA-CANDONGA-0878;Candongas;131000;31;TST-18-28
TST-PLA-EARCUFF-0879;EARCUFF PLATA PRUEBA TST-PLA-EARCUFF-0879;Earcuff;165000;32;TST-18-29
TST-PLA-CADENA-0880;CADENA PLATA PRUEBA TST-PLA-CADENA-0880;Cadenas;31000;0;TST-18-30
TST-PLA-DIJE-0881;DIJE PLATA PRUEBA TST-PLA-DIJE-0881;Dijes;65000;34;TST-18-31
TST-PLA-COLLAR-0882;COLLAR PLATA PRUEBA TST-PLA-COLLAR-0882;Collares;99000;1;TST-18-32
TST-PLA-ANILLO-0883;ANILLO PLATA PRUEBA TST-PLA-ANILLO-0883;Anillos;133000;36;TST-18-33
TST-PLA-PULSERA-0884;PULSERA PLATA PRUEBA TST-PLA-PULSERA-0884;Pulseras;167000;37;TST-18-34
TST-PLA-TOBILLERA-0885;TOBILLERA PLATA PRUEBA TST-PLA-TOBILLERA-0885;Tobilleras;33000;38;TST-18-35
TST-PLA-BALIN-0886;BALIN PLATA PRUEBA TST-PLA-BALIN-0886;Balines;67000;39;TST-18-36
TST-PLA-HERRAJE-0887;HERRAJE PLATA PRUEBA TST-PLA-HERRAJE-0887;Herrajes;101000;40;TST-18-37
TST-PLA-BARRIL-0888;BARRIL PLATA PRUEBA TST-PLA-BARRIL-0888;Barriles;135000;4;TST-18-38
TST-ROD-TOPO-0889;TOPO RODIO PRUEBA TST-ROD-TOPO-0889;Topos;169000;2;TST-18-39
TST-ROD-CANDONGA-0890;CANDONGA RODIO PRUEBA TST-ROD-CANDONGA-0890;Candongas;35000;0;TST-18-40
TST-ROD-EARCUFF-0891;EARCUFF RODIO PRUEBA TST-ROD-EARCUFF-0891;Earcuff;69000;7;TST-18-41
TST-ROD-CADENA-0892;CADENA RODIO PRUEBA TST-ROD-CADENA-0892;Cadenas;103000;8;TST-18-42
TST-ROD-DIJE-0893;DIJE RODIO PRUEBA TST-ROD-DIJE-0893;Dijes;137000;9;TST-18-43
TST-ROD-COLLAR-0894;COLLAR RODIO PRUEBA TST-ROD-COLLAR-0894;Collares;171000;10;TST-18-44
TST-ROD-ANILLO-0895;ANILLO RODIO PRUEBA TST-ROD-ANILLO-0895;Anillos;37000;11;TST-18-45
TST-ROD-PULSERA-0896;PULSERA RODIO PRUEBA TST-ROD-PULSERA-0896;Pulseras;71000;3;TST-18-46
TST-ROD-TOBILLERA-0897;TOBILLERA RODIO PRUEBA TST-ROD-TOBILLERA-0897;Tobilleras;105000;13;TST-18-47
TST-ROD-BALIN-0898;BALIN RODIO PRUEBA TST-ROD-BALIN-0898;Balines;139000;14;TST-18-48
TST-ROD-HERRAJE-0899;HERRAJE RODIO PRUEBA TST-ROD-HERRAJE-0899;Herrajes;173000;15;TST-18-49
TST-ROD-BARRIL-0900;BARRIL RODIO PRUEBA TST-ROD-BARRIL-0900;Barriles;39000;0;TST-18-50
TST-LAM-TOPO-0901;TOPO LAMINADO PRUEBA TST-LAM-TOPO-0901;Topos;73000;17;TST-19-01
TST-LAM-CANDONGA-0902;CANDONGA LAMINADO PRUEBA TST-LAM-CANDONGA-0902;Candongas;107000;18;TST-19-02
TST-LAM-EARCUFF-0903;EARCUFF LAMINADO PRUEBA TST-LAM-EARCUFF-0903;Earcuff;141000;1;TST-19-03
TST-LAM-CADENA-0904;CADENA LAMINADO PRUEBA TST-LAM-CADENA-0904;Cadenas;175000;20;TST-19-04
TST-LAM-DIJE-0905;DIJE LAMINADO PRUEBA TST-LAM-DIJE-0905;Dijes;41000;21;TST-19-05
TST-LAM-COLLAR-0906;COLLAR LAMINADO PRUEBA TST-LAM-COLLAR-0906;Collares;75000;22;TST-19-06
TST-LAM-ANILLO-0907;ANILLO LAMINADO PRUEBA TST-LAM-ANILLO-0907;Anillos;109000;23;TST-19-07
TST-LAM-PULSERA-0908;PULSERA LAMINADO PRUEBA TST-LAM-PULSERA-0908;Pulseras;143000;24;TST-19-08
TST-LAM-TOBILLERA-0909;TOBILLERA LAMINADO PRUEBA TST-LAM-TOBILLERA-0909;Tobilleras;177000;25;TST-19-09
TST-LAM-BALIN-0910;BALIN LAMINADO PRUEBA TST-LAM-BALIN-0910;Balines;43000;0;TST-19-10
TST-LAM-HERRAJE-0911;HERRAJE LAMINADO PRUEBA TST-LAM-HERRAJE-0911;Herrajes;77000;27;TST-19-11
TST-LAM-BARRIL-0912;BARRIL LAMINADO PRUEBA TST-LAM-BARRIL-0912;Barriles;111000;28;TST-19-12
TST-PLA-TOPO-0913;TOPO PLATA PRUEBA TST-PLA-TOPO-0913;Topos;145000;29;TST-19-13
TST-PLA-CANDONGA-0914;CANDONGA PLATA PRUEBA TST-PLA-CANDONGA-0914;Candongas;179000;30;TST-19-14
TST-PLA-EARCUFF-0915;EARCUFF PLATA PRUEBA TST-PLA-EARCUFF-0915;Earcuff;45000;31;TST-19-15
TST-PLA-CADENA-0916;CADENA PLATA PRUEBA TST-PLA-CADENA-0916;Cadenas;79000;32;TST-19-16
TST-PLA-DIJE-0917;DIJE PLATA PRUEBA TST-PLA-DIJE-0917;Dijes;113000;3;TST-19-17
TST-PLA-COLLAR-0918;COLLAR PLATA PRUEBA TST-PLA-COLLAR-0918;Collares;147000;34;TST-19-18
TST-PLA-ANILLO-0919;ANILLO PLATA PRUEBA TST-PLA-ANILLO-0919;Anillos;181000;35;TST-19-19
TST-PLA-PULSERA-0920;PULSERA PLATA PRUEBA TST-PLA-PULSERA-0920;Pulseras;47000;0;TST-19-20
TST-PLA-TOBILLERA-0921;TOBILLERA PLATA PRUEBA TST-PLA-TOBILLERA-0921;Tobilleras;81000;37;TST-19-21
TST-PLA-BALIN-0922;BALIN PLATA PRUEBA TST-PLA-BALIN-0922;Balines;115000;38;TST-19-22
TST-PLA-HERRAJE-0923;HERRAJE PLATA PRUEBA TST-PLA-HERRAJE-0923;Herrajes;149000;39;TST-19-23
TST-PLA-BARRIL-0924;BARRIL PLATA PRUEBA TST-PLA-BARRIL-0924;Barriles;15000;1;TST-19-24
TST-ROD-TOPO-0925;TOPO RODIO PRUEBA TST-ROD-TOPO-0925;Topos;49000;4;TST-19-25
TST-ROD-CANDONGA-0926;CANDONGA RODIO PRUEBA TST-ROD-CANDONGA-0926;Candongas;83000;5;TST-19-26
TST-ROD-EARCUFF-0927;EARCUFF RODIO PRUEBA TST-ROD-EARCUFF-0927;Earcuff;117000;6;TST-19-27
TST-ROD-CADENA-0928;CADENA RODIO PRUEBA TST-ROD-CADENA-0928;Cadenas;151000;7;TST-19-28
TST-ROD-DIJE-0929;DIJE RODIO PRUEBA TST-ROD-DIJE-0929;Dijes;17000;8;TST-19-29
TST-ROD-COLLAR-0930;COLLAR RODIO PRUEBA TST-ROD-COLLAR-0930;Collares;51000;0;TST-19-30
TST-ROD-ANILLO-0931;ANILLO RODIO PRUEBA TST-ROD-ANILLO-0931;Anillos;85000;2;TST-19-31
TST-ROD-PULSERA-0932;PULSERA RODIO PRUEBA TST-ROD-PULSERA-0932;Pulseras;119000;11;TST-19-32
TST-ROD-TOBILLERA-0933;TOBILLERA RODIO PRUEBA TST-ROD-TOBILLERA-0933;Tobilleras;153000;12;TST-19-33
TST-ROD-BALIN-0934;BALIN RODIO PRUEBA TST-ROD-BALIN-0934;Balines;19000;13;TST-19-34
TST-ROD-HERRAJE-0935;HERRAJE RODIO PRUEBA TST-ROD-HERRAJE-0935;Herrajes;53000;14;TST-19-35
TST-ROD-BARRIL-0936;BARRIL RODIO PRUEBA TST-ROD-BARRIL-0936;Barriles;87000;15;TST-19-36
TST-LAM-TOPO-0937;TOPO LAMINADO PRUEBA TST-LAM-TOPO-0937;Topos;121000;16;TST-19-37
TST-LAM-CANDONGA-0938;CANDONGA LAMINADO PRUEBA TST-LAM-CANDONGA-0938;Candongas;155000;3;TST-19-38
TST-LAM-EARCUFF-0939;EARCUFF LAMINADO PRUEBA TST-LAM-EARCUFF-0939;Earcuff;21000;18;TST-19-39
TST-LAM-CADENA-0940;CADENA LAMINADO PRUEBA TST-LAM-CADENA-0940;Cadenas;55000;0;TST-19-40
TST-LAM-DIJE-0941;DIJE LAMINADO PRUEBA TST-LAM-DIJE-0941;Dijes;89000;20;TST-19-41
TST-LAM-COLLAR-0942;COLLAR LAMINADO PRUEBA TST-LAM-COLLAR-0942;Collares;123000;21;TST-19-42
TST-LAM-ANILLO-0943;ANILLO LAMINADO PRUEBA TST-LAM-ANILLO-0943;Anillos;157000;22;TST-19-43
TST-LAM-PULSERA-0944;PULSERA LAMINADO PRUEBA TST-LAM-PULSERA-0944;Pulseras;23000;23;TST-19-44
TST-LAM-TOBILLERA-0945;TOBILLERA LAMINADO PRUEBA TST-LAM-TOBILLERA-0945;Tobilleras;57000;1;TST-19-45
TST-LAM-BALIN-0946;BALIN LAMINADO PRUEBA TST-LAM-BALIN-0946;Balines;91000;25;TST-19-46
TST-LAM-HERRAJE-0947;HERRAJE LAMINADO PRUEBA TST-LAM-HERRAJE-0947;Herrajes;125000;26;TST-19-47
TST-LAM-BARRIL-0948;BARRIL LAMINADO PRUEBA TST-LAM-BARRIL-0948;Barriles;159000;27;TST-19-48
TST-PLA-TOPO-0949;TOPO PLATA PRUEBA TST-PLA-TOPO-0949;Topos;25000;28;TST-19-49
TST-PLA-CANDONGA-0950;CANDONGA PLATA PRUEBA TST-PLA-CANDONGA-0950;Candongas;59000;0;TST-19-50
TST-PLA-EARCUFF-0951;EARCUFF PLATA PRUEBA TST-PLA-EARCUFF-0951;Earcuff;93000;30;TST-20-01
TST-PLA-CADENA-0952;CADENA PLATA PRUEBA TST-PLA-CADENA-0952;Cadenas;127000;2;TST-20-02
TST-PLA-DIJE-0953;DIJE PLATA PRUEBA TST-PLA-DIJE-0953;Dijes;161000;32;TST-20-03
TST-PLA-COLLAR-0954;COLLAR PLATA PRUEBA TST-PLA-COLLAR-0954;Collares;27000;33;TST-20-04
TST-PLA-ANILLO-0955;ANILLO PLATA PRUEBA TST-PLA-ANILLO-0955;Anillos;61000;34;TST-20-05
TST-PLA-PULSERA-0956;PULSERA PLATA PRUEBA TST-PLA-PULSERA-0956;Pulseras;95000;35;TST-20-06
TST-PLA-TOBILLERA-0957;TOBILLERA PLATA PRUEBA TST-PLA-TOBILLERA-0957;Tobilleras;129000;36;TST-20-07
TST-PLA-BALIN-0958;BALIN PLATA PRUEBA TST-PLA-BALIN-0958;Balines;163000;37;TST-20-08
TST-PLA-HERRAJE-0959;HERRAJE PLATA PRUEBA TST-PLA-HERRAJE-0959;Herrajes;29000;3;TST-20-09
TST-PLA-BARRIL-0960;BARRIL PLATA PRUEBA TST-PLA-BARRIL-0960;Barriles;63000;0;TST-20-10
TST-ROD-TOPO-0961;TOPO RODIO PRUEBA TST-ROD-TOPO-0961;Topos;97000;40;TST-20-11
TST-ROD-CANDONGA-0962;CANDONGA RODIO PRUEBA TST-ROD-CANDONGA-0962;Candongas;131000;4;TST-20-12
TST-ROD-EARCUFF-0963;EARCUFF RODIO PRUEBA TST-ROD-EARCUFF-0963;Earcuff;165000;5;TST-20-13
TST-ROD-CADENA-0964;CADENA RODIO PRUEBA TST-ROD-CADENA-0964;Cadenas;31000;6;TST-20-14
TST-ROD-DIJE-0965;DIJE RODIO PRUEBA TST-ROD-DIJE-0965;Dijes;65000;7;TST-20-15
TST-ROD-COLLAR-0966;COLLAR RODIO PRUEBA TST-ROD-COLLAR-0966;Collares;99000;1;TST-20-16
TST-ROD-ANILLO-0967;ANILLO RODIO PRUEBA TST-ROD-ANILLO-0967;Anillos;133000;9;TST-20-17
TST-ROD-PULSERA-0968;PULSERA RODIO PRUEBA TST-ROD-PULSERA-0968;Pulseras;167000;10;TST-20-18
TST-ROD-TOBILLERA-0969;TOBILLERA RODIO PRUEBA TST-ROD-TOBILLERA-0969;Tobilleras;33000;11;TST-20-19
TST-ROD-BALIN-0970;BALIN RODIO PRUEBA TST-ROD-BALIN-0970;Balines;67000;0;TST-20-20
TST-ROD-HERRAJE-0971;HERRAJE RODIO PRUEBA TST-ROD-HERRAJE-0971;Herrajes;101000;13;TST-20-21
TST-ROD-BARRIL-0972;BARRIL RODIO PRUEBA TST-ROD-BARRIL-0972;Barriles;135000;14;TST-20-22
TST-LAM-TOPO-0973;TOPO LAMINADO PRUEBA TST-LAM-TOPO-0973;Topos;169000;2;TST-20-23
TST-LAM-CANDONGA-0974;CANDONGA LAMINADO PRUEBA TST-LAM-CANDONGA-0974;Candongas;35000;16;TST-20-24
TST-LAM-EARCUFF-0975;EARCUFF LAMINADO PRUEBA TST-LAM-EARCUFF-0975;Earcuff;69000;17;TST-20-25
TST-LAM-CADENA-0976;CADENA LAMINADO PRUEBA TST-LAM-CADENA-0976;Cadenas;103000;18;TST-20-26
TST-LAM-DIJE-0977;DIJE LAMINADO PRUEBA TST-LAM-DIJE-0977;Dijes;137000;19;TST-20-27
TST-LAM-COLLAR-0978;COLLAR LAMINADO PRUEBA TST-LAM-COLLAR-0978;Collares;171000;20;TST-20-28
TST-LAM-ANILLO-0979;ANILLO LAMINADO PRUEBA TST-LAM-ANILLO-0979;Anillos;37000;21;TST-20-29
TST-LAM-PULSERA-0980;PULSERA LAMINADO PRUEBA TST-LAM-PULSERA-0980;Pulseras;71000;0;TST-20-30
TST-LAM-TOBILLERA-0981;TOBILLERA LAMINADO PRUEBA TST-LAM-TOBILLERA-0981;Tobilleras;105000;23;TST-20-31
TST-LAM-BALIN-0982;BALIN LAMINADO PRUEBA TST-LAM-BALIN-0982;Balines;139000;24;TST-20-32
TST-LAM-HERRAJE-0983;HERRAJE LAMINADO PRUEBA TST-LAM-HERRAJE-0983;Herrajes;173000;25;TST-20-33
TST-LAM-BARRIL-0984;BARRIL LAMINADO PRUEBA TST-LAM-BARRIL-0984;Barriles;39000;26;TST-20-34
TST-PLA-TOPO-0985;TOPO PLATA PRUEBA TST-PLA-TOPO-0985;Topos;73000;27;TST-20-35
TST-PLA-CANDONGA-0986;CANDONGA PLATA PRUEBA TST-PLA-CANDONGA-0986;Candongas;107000;28;TST-20-36
TST-PLA-EARCUFF-0987;EARCUFF PLATA PRUEBA TST-PLA-EARCUFF-0987;Earcuff;141000;1;TST-20-37
TST-PLA-CADENA-0988;CADENA PLATA PRUEBA TST-PLA-CADENA-0988;Cadenas;175000;30;TST-20-38
TST-PLA-DIJE-0989;DIJE PLATA PRUEBA TST-PLA-DIJE-0989;Dijes;41000;31;TST-20-39
TST-PLA-COLLAR-0990;COLLAR PLATA PRUEBA TST-PLA-COLLAR-0990;Collares;75000;0;TST-20-40
TST-PLA-ANILLO-0991;ANILLO PLATA PRUEBA TST-PLA-ANILLO-0991;Anillos;109000;33;TST-20-41
TST-PLA-PULSERA-0992;PULSERA PLATA PRUEBA TST-PLA-PULSERA-0992;Pulseras;143000;34;TST-20-42
TST-PLA-TOBILLERA-0993;TOBILLERA PLATA PRUEBA TST-PLA-TOBILLERA-0993;Tobilleras;177000;35;TST-20-43
TST-PLA-BALIN-0994;BALIN PLATA PRUEBA TST-PLA-BALIN-0994;Balines;43000;2;TST-20-44
TST-PLA-HERRAJE-0995;HERRAJE PLATA PRUEBA TST-PLA-HERRAJE-0995;Herrajes;77000;37;TST-20-45
TST-PLA-BARRIL-0996;BARRIL PLATA PRUEBA TST-PLA-BARRIL-0996;Barriles;111000;38;TST-20-46
TST-ROD-TOPO-0997;TOPO RODIO PRUEBA TST-ROD-TOPO-0997;Topos;145000;39;TST-20-47
TST-ROD-CANDONGA-0998;CANDONGA RODIO PRUEBA TST-ROD-CANDONGA-0998;Candongas;179000;40;TST-20-48
TST-ROD-EARCUFF-0999;EARCUFF RODIO PRUEBA TST-ROD-EARCUFF-0999;Earcuff;45000;4;TST-20-49
TST-ROD-CADENA-1000;CADENA RODIO PRUEBA TST-ROD-CADENA-1000;Cadenas;79000;0;TST-20-50
TST-ROD-DIJE-1001;DIJE RODIO PRUEBA TST-ROD-DIJE-1001;Dijes;113000;3;TST-21-01
TST-ROD-COLLAR-1002;COLLAR RODIO PRUEBA TST-ROD-COLLAR-1002;Collares;147000;7;TST-21-02
TST-ROD-ANILLO-1003;ANILLO RODIO PRUEBA TST-ROD-ANILLO-1003;Anillos;181000;8;TST-21-03
TST-ROD-PULSERA-1004;PULSERA RODIO PRUEBA TST-ROD-PULSERA-1004;Pulseras;47000;9;TST-21-04
TST-ROD-TOBILLERA-1005;TOBILLERA RODIO PRUEBA TST-ROD-TOBILLERA-1005;Tobilleras;81000;10;TST-21-05
TST-ROD-BALIN-1006;BALIN RODIO PRUEBA TST-ROD-BALIN-1006;Balines;115000;11;TST-21-06
TST-ROD-HERRAJE-1007;HERRAJE RODIO PRUEBA TST-ROD-HERRAJE-1007;Herrajes;149000;12;TST-21-07
TST-ROD-BARRIL-1008;BARRIL RODIO PRUEBA TST-ROD-BARRIL-1008;Barriles;15000;1;TST-21-08
TST-LAM-TOPO-1009;TOPO LAMINADO PRUEBA TST-LAM-TOPO-1009;Topos;49000;14;TST-21-09
TST-LAM-CANDONGA-1010;CANDONGA LAMINADO PRUEBA TST-LAM-CANDONGA-1010;Candongas;83000;0;TST-21-10
TST-LAM-EARCUFF-1011;EARCUFF LAMINADO PRUEBA TST-LAM-EARCUFF-1011;Earcuff;117000;16;TST-21-11
TST-LAM-CADENA-1012;CADENA LAMINADO PRUEBA TST-LAM-CADENA-1012;Cadenas;151000;17;TST-21-12
TST-LAM-DIJE-1013;DIJE LAMINADO PRUEBA TST-LAM-DIJE-1013;Dijes;17000;18;TST-21-13
TST-LAM-COLLAR-1014;COLLAR LAMINADO PRUEBA TST-LAM-COLLAR-1014;Collares;51000;19;TST-21-14
TST-LAM-ANILLO-1015;ANILLO LAMINADO PRUEBA TST-LAM-ANILLO-1015;Anillos;85000;2;TST-21-15
TST-LAM-PULSERA-1016;PULSERA LAMINADO PRUEBA TST-LAM-PULSERA-1016;Pulseras;119000;21;TST-21-16
TST-LAM-TOBILLERA-1017;TOBILLERA LAMINADO PRUEBA TST-LAM-TOBILLERA-1017;Tobilleras;153000;22;TST-21-17
TST-LAM-BALIN-1018;BALIN LAMINADO PRUEBA TST-LAM-BALIN-1018;Balines;19000;23;TST-21-18
TST-LAM-HERRAJE-1019;HERRAJE LAMINADO PRUEBA TST-LAM-HERRAJE-1019;Herrajes;53000;24;TST-21-19
TST-LAM-BARRIL-1020;BARRIL LAMINADO PRUEBA TST-LAM-BARRIL-1020;Barriles;87000;0;TST-21-20
TST-PLA-TOPO-1021;TOPO PLATA PRUEBA TST-PLA-TOPO-1021;Topos;121000;26;TST-21-21
TST-PLA-CANDONGA-1022;CANDONGA PLATA PRUEBA TST-PLA-CANDONGA-1022;Candongas;155000;3;TST-21-22
TST-PLA-EARCUFF-1023;EARCUFF PLATA PRUEBA TST-PLA-EARCUFF-1023;Earcuff;21000;28;TST-21-23
TST-PLA-CADENA-1024;CADENA PLATA PRUEBA TST-PLA-CADENA-1024;Cadenas;55000;29;TST-21-24
TST-PLA-DIJE-1025;DIJE PLATA PRUEBA TST-PLA-DIJE-1025;Dijes;89000;30;TST-21-25
TST-PLA-COLLAR-1026;COLLAR PLATA PRUEBA TST-PLA-COLLAR-1026;Collares;123000;31;TST-21-26
TST-PLA-ANILLO-1027;ANILLO PLATA PRUEBA TST-PLA-ANILLO-1027;Anillos;157000;32;TST-21-27
TST-PLA-PULSERA-1028;PULSERA PLATA PRUEBA TST-PLA-PULSERA-1028;Pulseras;23000;33;TST-21-28
TST-PLA-TOBILLERA-1029;TOBILLERA PLATA PRUEBA TST-PLA-TOBILLERA-1029;Tobilleras;57000;1;TST-21-29
TST-PLA-BALIN-1030;BALIN PLATA PRUEBA TST-PLA-BALIN-1030;Balines;91000;0;TST-21-30
TST-PLA-HERRAJE-1031;HERRAJE PLATA PRUEBA TST-PLA-HERRAJE-1031;Herrajes;125000;36;TST-21-31
TST-PLA-BARRIL-1032;BARRIL PLATA PRUEBA TST-PLA-BARRIL-1032;Barriles;159000;37;TST-21-32
TST-ROD-TOPO-1033;TOPO RODIO PRUEBA TST-ROD-TOPO-1033;Topos;25000;38;TST-21-33
TST-ROD-CANDONGA-1034;CANDONGA RODIO PRUEBA TST-ROD-CANDONGA-1034;Candongas;59000;39;TST-21-34
TST-ROD-EARCUFF-1035;EARCUFF RODIO PRUEBA TST-ROD-EARCUFF-1035;Earcuff;93000;40;TST-21-35
TST-ROD-CADENA-1036;CADENA RODIO PRUEBA TST-ROD-CADENA-1036;Cadenas;127000;2;TST-21-36
TST-ROD-DIJE-1037;DIJE RODIO PRUEBA TST-ROD-DIJE-1037;Dijes;161000;5;TST-21-37
TST-ROD-COLLAR-1038;COLLAR RODIO PRUEBA TST-ROD-COLLAR-1038;Collares;27000;6;TST-21-38
TST-ROD-ANILLO-1039;ANILLO RODIO PRUEBA TST-ROD-ANILLO-1039;Anillos;61000;7;TST-21-39
TST-ROD-PULSERA-1040;PULSERA RODIO PRUEBA TST-ROD-PULSERA-1040;Pulseras;95000;0;TST-21-40
TST-ROD-TOBILLERA-1041;TOBILLERA RODIO PRUEBA TST-ROD-TOBILLERA-1041;Tobilleras;129000;9;TST-21-41
TST-ROD-BALIN-1042;BALIN RODIO PRUEBA TST-ROD-BALIN-1042;Balines;163000;10;TST-21-42
TST-ROD-HERRAJE-1043;HERRAJE RODIO PRUEBA TST-ROD-HERRAJE-1043;Herrajes;29000;3;TST-21-43
TST-ROD-BARRIL-1044;BARRIL RODIO PRUEBA TST-ROD-BARRIL-1044;Barriles;63000;12;TST-21-44
TST-LAM-TOPO-1045;TOPO LAMINADO PRUEBA TST-LAM-TOPO-1045;Topos;97000;13;TST-21-45
TST-LAM-CANDONGA-1046;CANDONGA LAMINADO PRUEBA TST-LAM-CANDONGA-1046;Candongas;131000;14;TST-21-46
TST-LAM-EARCUFF-1047;EARCUFF LAMINADO PRUEBA TST-LAM-EARCUFF-1047;Earcuff;165000;15;TST-21-47
TST-LAM-CADENA-1048;CADENA LAMINADO PRUEBA TST-LAM-CADENA-1048;Cadenas;31000;16;TST-21-48
TST-LAM-DIJE-1049;DIJE LAMINADO PRUEBA TST-LAM-DIJE-1049;Dijes;65000;17;TST-21-49
TST-LAM-COLLAR-1050;COLLAR LAMINADO PRUEBA TST-LAM-COLLAR-1050;Collares;99000;0;TST-21-50
TST-LAM-ANILLO-1051;ANILLO LAMINADO PRUEBA TST-LAM-ANILLO-1051;Anillos;133000;19;TST-22-01
TST-LAM-PULSERA-1052;PULSERA LAMINADO PRUEBA TST-LAM-PULSERA-1052;Pulseras;167000;20;TST-22-02
TST-LAM-TOBILLERA-1053;TOBILLERA LAMINADO PRUEBA TST-LAM-TOBILLERA-1053;Tobilleras;33000;21;TST-22-03
TST-LAM-BALIN-1054;BALIN LAMINADO PRUEBA TST-LAM-BALIN-1054;Balines;67000;22;TST-22-04
TST-LAM-HERRAJE-1055;HERRAJE LAMINADO PRUEBA TST-LAM-HERRAJE-1055;Herrajes;101000;23;TST-22-05
TST-LAM-BARRIL-1056;BARRIL LAMINADO PRUEBA TST-LAM-BARRIL-1056;Barriles;135000;24;TST-22-06
TST-PLA-TOPO-1057;TOPO PLATA PRUEBA TST-PLA-TOPO-1057;Topos;169000;2;TST-22-07
TST-PLA-CANDONGA-1058;CANDONGA PLATA PRUEBA TST-PLA-CANDONGA-1058;Candongas;35000;26;TST-22-08
TST-PLA-EARCUFF-1059;EARCUFF PLATA PRUEBA TST-PLA-EARCUFF-1059;Earcuff;69000;27;TST-22-09
TST-PLA-CADENA-1060;CADENA PLATA PRUEBA TST-PLA-CADENA-1060;Cadenas;103000;0;TST-22-10
TST-PLA-DIJE-1061;DIJE PLATA PRUEBA TST-PLA-DIJE-1061;Dijes;137000;29;TST-22-11
TST-PLA-COLLAR-1062;COLLAR PLATA PRUEBA TST-PLA-COLLAR-1062;Collares;171000;30;TST-22-12
TST-PLA-ANILLO-1063;ANILLO PLATA PRUEBA TST-PLA-ANILLO-1063;Anillos;37000;31;TST-22-13
TST-PLA-PULSERA-1064;PULSERA PLATA PRUEBA TST-PLA-PULSERA-1064;Pulseras;71000;3;TST-22-14
TST-PLA-TOBILLERA-1065;TOBILLERA PLATA PRUEBA TST-PLA-TOBILLERA-1065;Tobilleras;105000;33;TST-22-15
TST-PLA-BALIN-1066;BALIN PLATA PRUEBA TST-PLA-BALIN-1066;Balines;139000;34;TST-22-16
TST-PLA-HERRAJE-1067;HERRAJE PLATA PRUEBA TST-PLA-HERRAJE-1067;Herrajes;173000;35;TST-22-17
TST-PLA-BARRIL-1068;BARRIL PLATA PRUEBA TST-PLA-BARRIL-1068;Barriles;39000;36;TST-22-18
TST-ROD-TOPO-1069;TOPO RODIO PRUEBA TST-ROD-TOPO-1069;Topos;73000;37;TST-22-19
TST-ROD-CANDONGA-1070;CANDONGA RODIO PRUEBA TST-ROD-CANDONGA-1070;Candongas;107000;0;TST-22-20
TST-ROD-EARCUFF-1071;EARCUFF RODIO PRUEBA TST-ROD-EARCUFF-1071;Earcuff;141000;1;TST-22-21
TST-ROD-CADENA-1072;CADENA RODIO PRUEBA TST-ROD-CADENA-1072;Cadenas;175000;40;TST-22-22
TST-ROD-DIJE-1073;DIJE RODIO PRUEBA TST-ROD-DIJE-1073;Dijes;41000;4;TST-22-23
TST-ROD-COLLAR-1074;COLLAR RODIO PRUEBA TST-ROD-COLLAR-1074;Collares;75000;5;TST-22-24
TST-ROD-ANILLO-1075;ANILLO RODIO PRUEBA TST-ROD-ANILLO-1075;Anillos;109000;6;TST-22-25
TST-ROD-PULSERA-1076;PULSERA RODIO PRUEBA TST-ROD-PULSERA-1076;Pulseras;143000;7;TST-22-26
TST-ROD-TOBILLERA-1077;TOBILLERA RODIO PRUEBA TST-ROD-TOBILLERA-1077;Tobilleras;177000;8;TST-22-27
TST-ROD-BALIN-1078;BALIN RODIO PRUEBA TST-ROD-BALIN-1078;Balines;43000;2;TST-22-28
TST-ROD-HERRAJE-1079;HERRAJE RODIO PRUEBA TST-ROD-HERRAJE-1079;Herrajes;77000;10;TST-22-29
TST-ROD-BARRIL-1080;BARRIL RODIO PRUEBA TST-ROD-BARRIL-1080;Barriles;111000;0;TST-22-30
TST-LAM-TOPO-1081;TOPO LAMINADO PRUEBA TST-LAM-TOPO-1081;Topos;145000;12;TST-22-31
TST-LAM-CANDONGA-1082;CANDONGA LAMINADO PRUEBA TST-LAM-CANDONGA-1082;Candongas;179000;13;TST-22-32
TST-LAM-EARCUFF-1083;EARCUFF LAMINADO PRUEBA TST-LAM-EARCUFF-1083;Earcuff;45000;14;TST-22-33
TST-LAM-CADENA-1084;CADENA LAMINADO PRUEBA TST-LAM-CADENA-1084;Cadenas;79000;15;TST-22-34
TST-LAM-DIJE-1085;DIJE LAMINADO PRUEBA TST-LAM-DIJE-1085;Dijes;113000;3;TST-22-35
TST-LAM-COLLAR-1086;COLLAR LAMINADO PRUEBA TST-LAM-COLLAR-1086;Collares;147000;17;TST-22-36
TST-LAM-ANILLO-1087;ANILLO LAMINADO PRUEBA TST-LAM-ANILLO-1087;Anillos;181000;18;TST-22-37
TST-LAM-PULSERA-1088;PULSERA LAMINADO PRUEBA TST-LAM-PULSERA-1088;Pulseras;47000;19;TST-22-38
TST-LAM-TOBILLERA-1089;TOBILLERA LAMINADO PRUEBA TST-LAM-TOBILLERA-1089;Tobilleras;81000;20;TST-22-39
TST-LAM-BALIN-1090;BALIN LAMINADO PRUEBA TST-LAM-BALIN-1090;Balines;115000;0;TST-22-40
TST-LAM-HERRAJE-1091;HERRAJE LAMINADO PRUEBA TST-LAM-HERRAJE-1091;Herrajes;149000;22;TST-22-41
TST-LAM-BARRIL-1092;BARRIL LAMINADO PRUEBA TST-LAM-BARRIL-1092;Barriles;15000;1;TST-22-42
TST-PLA-TOPO-1093;TOPO PLATA PRUEBA TST-PLA-TOPO-1093;Topos;49000;24;TST-22-43
TST-PLA-CANDONGA-1094;CANDONGA PLATA PRUEBA TST-PLA-CANDONGA-1094;Candongas;83000;25;TST-22-44
TST-PLA-EARCUFF-1095;EARCUFF PLATA PRUEBA TST-PLA-EARCUFF-1095;Earcuff;117000;26;TST-22-45
TST-PLA-CADENA-1096;CADENA PLATA PRUEBA TST-PLA-CADENA-1096;Cadenas;151000;27;TST-22-46
TST-PLA-DIJE-1097;DIJE PLATA PRUEBA TST-PLA-DIJE-1097;Dijes;17000;28;TST-22-47
TST-PLA-COLLAR-1098;COLLAR PLATA PRUEBA TST-PLA-COLLAR-1098;Collares;51000;29;TST-22-48
TST-PLA-ANILLO-1099;ANILLO PLATA PRUEBA TST-PLA-ANILLO-1099;Anillos;85000;2;TST-22-49
TST-PLA-PULSERA-1100;PULSERA PLATA PRUEBA TST-PLA-PULSERA-1100;Pulseras;119000;0;TST-22-50
TST-PLA-TOBILLERA-1101;TOBILLERA PLATA PRUEBA TST-PLA-TOBILLERA-1101;Tobilleras;153000;32;TST-23-01
TST-PLA-BALIN-1102;BALIN PLATA PRUEBA TST-PLA-BALIN-1102;Balines;19000;33;TST-23-02
TST-PLA-HERRAJE-1103;HERRAJE PLATA PRUEBA TST-PLA-HERRAJE-1103;Herrajes;53000;34;TST-23-03
TST-PLA-BARRIL-1104;BARRIL PLATA PRUEBA TST-PLA-BARRIL-1104;Barriles;87000;35;TST-23-04
TST-ROD-TOPO-1105;TOPO RODIO PRUEBA TST-ROD-TOPO-1105;Topos;121000;36;TST-23-05
TST-ROD-CANDONGA-1106;CANDONGA RODIO PRUEBA TST-ROD-CANDONGA-1106;Candongas;155000;3;TST-23-06
TST-ROD-EARCUFF-1107;EARCUFF RODIO PRUEBA TST-ROD-EARCUFF-1107;Earcuff;21000;38;TST-23-07
TST-ROD-CADENA-1108;CADENA RODIO PRUEBA TST-ROD-CADENA-1108;Cadenas;55000;39;TST-23-08
TST-ROD-DIJE-1109;DIJE RODIO PRUEBA TST-ROD-DIJE-1109;Dijes;89000;40;TST-23-09
TST-ROD-COLLAR-1110;COLLAR RODIO PRUEBA TST-ROD-COLLAR-1110;Collares;123000;0;TST-23-10
TST-ROD-ANILLO-1111;ANILLO RODIO PRUEBA TST-ROD-ANILLO-1111;Anillos;157000;5;TST-23-11
TST-ROD-PULSERA-1112;PULSERA RODIO PRUEBA TST-ROD-PULSERA-1112;Pulseras;23000;6;TST-23-12
TST-ROD-TOBILLERA-1113;TOBILLERA RODIO PRUEBA TST-ROD-TOBILLERA-1113;Tobilleras;57000;1;TST-23-13
TST-ROD-BALIN-1114;BALIN RODIO PRUEBA TST-ROD-BALIN-1114;Balines;91000;8;TST-23-14
TST-ROD-HERRAJE-1115;HERRAJE RODIO PRUEBA TST-ROD-HERRAJE-1115;Herrajes;125000;9;TST-23-15
TST-ROD-BARRIL-1116;BARRIL RODIO PRUEBA TST-ROD-BARRIL-1116;Barriles;159000;10;TST-23-16
TST-LAM-TOPO-1117;TOPO LAMINADO PRUEBA TST-LAM-TOPO-1117;Topos;25000;11;TST-23-17
TST-LAM-CANDONGA-1118;CANDONGA LAMINADO PRUEBA TST-LAM-CANDONGA-1118;Candongas;59000;12;TST-23-18
TST-LAM-EARCUFF-1119;EARCUFF LAMINADO PRUEBA TST-LAM-EARCUFF-1119;Earcuff;93000;13;TST-23-19
TST-LAM-CADENA-1120;CADENA LAMINADO PRUEBA TST-LAM-CADENA-1120;Cadenas;127000;0;TST-23-20
TST-LAM-DIJE-1121;DIJE LAMINADO PRUEBA TST-LAM-DIJE-1121;Dijes;161000;15;TST-23-21
TST-LAM-COLLAR-1122;COLLAR LAMINADO PRUEBA TST-LAM-COLLAR-1122;Collares;27000;16;TST-23-22
TST-LAM-ANILLO-1123;ANILLO LAMINADO PRUEBA TST-LAM-ANILLO-1123;Anillos;61000;17;TST-23-23
TST-LAM-PULSERA-1124;PULSERA LAMINADO PRUEBA TST-LAM-PULSERA-1124;Pulseras;95000;18;TST-23-24
TST-LAM-TOBILLERA-1125;TOBILLERA LAMINADO PRUEBA TST-LAM-TOBILLERA-1125;Tobilleras;129000;19;TST-23-25
TST-LAM-BALIN-1126;BALIN LAMINADO PRUEBA TST-LAM-BALIN-1126;Balines;163000;20;TST-23-26
TST-LAM-HERRAJE-1127;HERRAJE LAMINADO PRUEBA TST-LAM-HERRAJE-1127;Herrajes;29000;3;TST-23-27
TST-LAM-BARRIL-1128;BARRIL LAMINADO PRUEBA TST-LAM-BARRIL-1128;Barriles;63000;22;TST-23-28
TST-PLA-TOPO-1129;TOPO PLATA PRUEBA TST-PLA-TOPO-1129;Topos;97000;23;TST-23-29
TST-PLA-CANDONGA-1130;CANDONGA PLATA PRUEBA TST-PLA-CANDONGA-1130;Candongas;131000;0;TST-23-30
TST-PLA-EARCUFF-1131;EARCUFF PLATA PRUEBA TST-PLA-EARCUFF-1131;Earcuff;165000;25;TST-23-31
TST-PLA-CADENA-1132;CADENA PLATA PRUEBA TST-PLA-CADENA-1132;Cadenas;31000;26;TST-23-32
TST-PLA-DIJE-1133;DIJE PLATA PRUEBA TST-PLA-DIJE-1133;Dijes;65000;27;TST-23-33
TST-PLA-COLLAR-1134;COLLAR PLATA PRUEBA TST-PLA-COLLAR-1134;Collares;99000;1;TST-23-34
TST-PLA-ANILLO-1135;ANILLO PLATA PRUEBA TST-PLA-ANILLO-1135;Anillos;133000;29;TST-23-35
TST-PLA-PULSERA-1136;PULSERA PLATA PRUEBA TST-PLA-PULSERA-1136;Pulseras;167000;30;TST-23-36
TST-PLA-TOBILLERA-1137;TOBILLERA PLATA PRUEBA TST-PLA-TOBILLERA-1137;Tobilleras;33000;31;TST-23-37
TST-PLA-BALIN-1138;BALIN PLATA PRUEBA TST-PLA-BALIN-1138;Balines;67000;32;TST-23-38
TST-PLA-HERRAJE-1139;HERRAJE PLATA PRUEBA TST-PLA-HERRAJE-1139;Herrajes;101000;33;TST-23-39
TST-PLA-BARRIL-1140;BARRIL PLATA PRUEBA TST-PLA-BARRIL-1140;Barriles;135000;0;TST-23-40
TST-ROD-TOPO-1141;TOPO RODIO PRUEBA TST-ROD-TOPO-1141;Topos;169000;2;TST-23-41
TST-ROD-CANDONGA-1142;CANDONGA RODIO PRUEBA TST-ROD-CANDONGA-1142;Candongas;35000;36;TST-23-42
TST-ROD-EARCUFF-1143;EARCUFF RODIO PRUEBA TST-ROD-EARCUFF-1143;Earcuff;69000;37;TST-23-43
TST-ROD-CADENA-1144;CADENA RODIO PRUEBA TST-ROD-CADENA-1144;Cadenas;103000;38;TST-23-44
TST-ROD-DIJE-1145;DIJE RODIO PRUEBA TST-ROD-DIJE-1145;Dijes;137000;39;TST-23-45
TST-ROD-COLLAR-1146;COLLAR RODIO PRUEBA TST-ROD-COLLAR-1146;Collares;171000;40;TST-23-46
TST-ROD-ANILLO-1147;ANILLO RODIO PRUEBA TST-ROD-ANILLO-1147;Anillos;37000;4;TST-23-47
TST-ROD-PULSERA-1148;PULSERA RODIO PRUEBA TST-ROD-PULSERA-1148;Pulseras;71000;3;TST-23-48
TST-ROD-TOBILLERA-1149;TOBILLERA RODIO PRUEBA TST-ROD-TOBILLERA-1149;Tobilleras;105000;6;TST-23-49
TST-ROD-BALIN-1150;BALIN RODIO PRUEBA TST-ROD-BALIN-1150;Balines;139000;0;TST-23-50
TST-ROD-HERRAJE-1151;HERRAJE RODIO PRUEBA TST-ROD-HERRAJE-1151;Herrajes;173000;8;TST-24-01
TST-ROD-BARRIL-1152;BARRIL RODIO PRUEBA TST-ROD-BARRIL-1152;Barriles;39000;9;TST-24-02
TST-LAM-TOPO-1153;TOPO LAMINADO PRUEBA TST-LAM-TOPO-1153;Topos;73000;10;TST-24-03
TST-LAM-CANDONGA-1154;CANDONGA LAMINADO PRUEBA TST-LAM-CANDONGA-1154;Candongas;107000;11;TST-24-04
TST-LAM-EARCUFF-1155;EARCUFF LAMINADO PRUEBA TST-LAM-EARCUFF-1155;Earcuff;141000;1;TST-24-05
TST-LAM-CADENA-1156;CADENA LAMINADO PRUEBA TST-LAM-CADENA-1156;Cadenas;175000;13;TST-24-06
TST-LAM-DIJE-1157;DIJE LAMINADO PRUEBA TST-LAM-DIJE-1157;Dijes;41000;14;TST-24-07
TST-LAM-COLLAR-1158;COLLAR LAMINADO PRUEBA TST-LAM-COLLAR-1158;Collares;75000;15;TST-24-08
TST-LAM-ANILLO-1159;ANILLO LAMINADO PRUEBA TST-LAM-ANILLO-1159;Anillos;109000;16;TST-24-09
TST-LAM-PULSERA-1160;PULSERA LAMINADO PRUEBA TST-LAM-PULSERA-1160;Pulseras;143000;0;TST-24-10
TST-LAM-TOBILLERA-1161;TOBILLERA LAMINADO PRUEBA TST-LAM-TOBILLERA-1161;Tobilleras;177000;18;TST-24-11
TST-LAM-BALIN-1162;BALIN LAMINADO PRUEBA TST-LAM-BALIN-1162;Balines;43000;2;TST-24-12
TST-LAM-HERRAJE-1163;HERRAJE LAMINADO PRUEBA TST-LAM-HERRAJE-1163;Herrajes;77000;20;TST-24-13
TST-LAM-BARRIL-1164;BARRIL LAMINADO PRUEBA TST-LAM-BARRIL-1164;Barriles;111000;21;TST-24-14
TST-PLA-TOPO-1165;TOPO PLATA PRUEBA TST-PLA-TOPO-1165;Topos;145000;22;TST-24-15
TST-PLA-CANDONGA-1166;CANDONGA PLATA PRUEBA TST-PLA-CANDONGA-1166;Candongas;179000;23;TST-24-16
TST-PLA-EARCUFF-1167;EARCUFF PLATA PRUEBA TST-PLA-EARCUFF-1167;Earcuff;45000;24;TST-24-17
TST-PLA-CADENA-1168;CADENA PLATA PRUEBA TST-PLA-CADENA-1168;Cadenas;79000;25;TST-24-18
TST-PLA-DIJE-1169;DIJE PLATA PRUEBA TST-PLA-DIJE-1169;Dijes;113000;3;TST-24-19
TST-PLA-COLLAR-1170;COLLAR PLATA PRUEBA TST-PLA-COLLAR-1170;Collares;147000;0;TST-24-20
TST-PLA-ANILLO-1171;ANILLO PLATA PRUEBA TST-PLA-ANILLO-1171;Anillos;181000;28;TST-24-21
TST-PLA-PULSERA-1172;PULSERA PLATA PRUEBA TST-PLA-PULSERA-1172;Pulseras;47000;29;TST-24-22
TST-PLA-TOBILLERA-1173;TOBILLERA PLATA PRUEBA TST-PLA-TOBILLERA-1173;Tobilleras;81000;30;TST-24-23
TST-PLA-BALIN-1174;BALIN PLATA PRUEBA TST-PLA-BALIN-1174;Balines;115000;31;TST-24-24
TST-PLA-HERRAJE-1175;HERRAJE PLATA PRUEBA TST-PLA-HERRAJE-1175;Herrajes;149000;32;TST-24-25
TST-PLA-BARRIL-1176;BARRIL PLATA PRUEBA TST-PLA-BARRIL-1176;Barriles;15000;1;TST-24-26
TST-ROD-TOPO-1177;TOPO RODIO PRUEBA TST-ROD-TOPO-1177;Topos;49000;34;TST-24-27
TST-ROD-CANDONGA-1178;CANDONGA RODIO PRUEBA TST-ROD-CANDONGA-1178;Candongas;83000;35;TST-24-28
TST-ROD-EARCUFF-1179;EARCUFF RODIO PRUEBA TST-ROD-EARCUFF-1179;Earcuff;117000;36;TST-24-29
TST-ROD-CADENA-1180;CADENA RODIO PRUEBA TST-ROD-CADENA-1180;Cadenas;151000;0;TST-24-30
TST-ROD-DIJE-1181;DIJE RODIO PRUEBA TST-ROD-DIJE-1181;Dijes;17000;38;TST-24-31
TST-ROD-COLLAR-1182;COLLAR RODIO PRUEBA TST-ROD-COLLAR-1182;Collares;51000;39;TST-24-32
TST-ROD-ANILLO-1183;ANILLO RODIO PRUEBA TST-ROD-ANILLO-1183;Anillos;85000;2;TST-24-33
TST-ROD-PULSERA-1184;PULSERA RODIO PRUEBA TST-ROD-PULSERA-1184;Pulseras;119000;4;TST-24-34
TST-ROD-TOBILLERA-1185;TOBILLERA RODIO PRUEBA TST-ROD-TOBILLERA-1185;Tobilleras;153000;5;TST-24-35
TST-ROD-BALIN-1186;BALIN RODIO PRUEBA TST-ROD-BALIN-1186;Balines;19000;6;TST-24-36
TST-ROD-HERRAJE-1187;HERRAJE RODIO PRUEBA TST-ROD-HERRAJE-1187;Herrajes;53000;7;TST-24-37
TST-ROD-BARRIL-1188;BARRIL RODIO PRUEBA TST-ROD-BARRIL-1188;Barriles;87000;8;TST-24-38
TST-LAM-TOPO-1189;TOPO LAMINADO PRUEBA TST-LAM-TOPO-1189;Topos;121000;9;TST-24-39
TST-LAM-CANDONGA-1190;CANDONGA LAMINADO PRUEBA TST-LAM-CANDONGA-1190;Candongas;155000;0;TST-24-40
TST-LAM-EARCUFF-1191;EARCUFF LAMINADO PRUEBA TST-LAM-EARCUFF-1191;Earcuff;21000;11;TST-24-41
TST-LAM-CADENA-1192;CADENA LAMINADO PRUEBA TST-LAM-CADENA-1192;Cadenas;55000;12;TST-24-42
TST-LAM-DIJE-1193;DIJE LAMINADO PRUEBA TST-LAM-DIJE-1193;Dijes;89000;13;TST-24-43
TST-LAM-COLLAR-1194;COLLAR LAMINADO PRUEBA TST-LAM-COLLAR-1194;Collares;123000;14;TST-24-44
TST-LAM-ANILLO-1195;ANILLO LAMINADO PRUEBA TST-LAM-ANILLO-1195;Anillos;157000;15;TST-24-45
TST-LAM-PULSERA-1196;PULSERA LAMINADO PRUEBA TST-LAM-PULSERA-1196;Pulseras;23000;16;TST-24-46
TST-LAM-TOBILLERA-1197;TOBILLERA LAMINADO PRUEBA TST-LAM-TOBILLERA-1197;Tobilleras;57000;1;TST-24-47
TST-LAM-BALIN-1198;BALIN LAMINADO PRUEBA TST-LAM-BALIN-1198;Balines;91000;18;TST-24-48
TST-LAM-HERRAJE-1199;HERRAJE LAMINADO PRUEBA TST-LAM-HERRAJE-1199;Herrajes;125000;19;TST-24-49
TST-LAM-BARRIL-1200;BARRIL LAMINADO PRUEBA TST-LAM-BARRIL-1200;Barriles;159000;0;TST-24-50
TST-PLA-TOPO-1201;TOPO PLATA PRUEBA TST-PLA-TOPO-1201;Topos;25000;21;TST-25-01
TST-PLA-CANDONGA-1202;CANDONGA PLATA PRUEBA TST-PLA-CANDONGA-1202;Candongas;59000;22;TST-25-02
TST-PLA-EARCUFF-1203;EARCUFF PLATA PRUEBA TST-PLA-EARCUFF-1203;Earcuff;93000;23;TST-25-03
TST-PLA-CADENA-1204;CADENA PLATA PRUEBA TST-PLA-CADENA-1204;Cadenas;127000;2;TST-25-04
TST-PLA-DIJE-1205;DIJE PLATA PRUEBA TST-PLA-DIJE-1205;Dijes;161000;25;TST-25-05
TST-PLA-COLLAR-1206;COLLAR PLATA PRUEBA TST-PLA-COLLAR-1206;Collares;27000;26;TST-25-06
TST-PLA-ANILLO-1207;ANILLO PLATA PRUEBA TST-PLA-ANILLO-1207;Anillos;61000;27;TST-25-07
TST-PLA-PULSERA-1208;PULSERA PLATA PRUEBA TST-PLA-PULSERA-1208;Pulseras;95000;28;TST-25-08
TST-PLA-TOBILLERA-1209;TOBILLERA PLATA PRUEBA TST-PLA-TOBILLERA-1209;Tobilleras;129000;29;TST-25-09
TST-PLA-BALIN-1210;BALIN PLATA PRUEBA TST-PLA-BALIN-1210;Balines;163000;0;TST-25-10
TST-PLA-HERRAJE-1211;HERRAJE PLATA PRUEBA TST-PLA-HERRAJE-1211;Herrajes;29000;3;TST-25-11
TST-PLA-BARRIL-1212;BARRIL PLATA PRUEBA TST-PLA-BARRIL-1212;Barriles;63000;32;TST-25-12
TST-ROD-TOPO-1213;TOPO RODIO PRUEBA TST-ROD-TOPO-1213;Topos;97000;33;TST-25-13
TST-ROD-CANDONGA-1214;CANDONGA RODIO PRUEBA TST-ROD-CANDONGA-1214;Candongas;131000;34;TST-25-14
TST-ROD-EARCUFF-1215;EARCUFF RODIO PRUEBA TST-ROD-EARCUFF-1215;Earcuff;165000;35;TST-25-15
TST-ROD-CADENA-1216;CADENA RODIO PRUEBA TST-ROD-CADENA-1216;Cadenas;31000;36;TST-25-16
TST-ROD-DIJE-1217;DIJE RODIO PRUEBA TST-ROD-DIJE-1217;Dijes;65000;37;TST-25-17
TST-ROD-COLLAR-1218;COLLAR RODIO PRUEBA TST-ROD-COLLAR-1218;Collares;99000;1;TST-25-18
TST-ROD-ANILLO-1219;ANILLO RODIO PRUEBA TST-ROD-ANILLO-1219;Anillos;133000;39;TST-25-19
TST-ROD-PULSERA-1220;PULSERA RODIO PRUEBA TST-ROD-PULSERA-1220;Pulseras;167000;0;TST-25-20
TST-ROD-TOBILLERA-1221;TOBILLERA RODIO PRUEBA TST-ROD-TOBILLERA-1221;Tobilleras;33000;4;TST-25-21
TST-ROD-BALIN-1222;BALIN RODIO PRUEBA TST-ROD-BALIN-1222;Balines;67000;5;TST-25-22
TST-ROD-HERRAJE-1223;HERRAJE RODIO PRUEBA TST-ROD-HERRAJE-1223;Herrajes;101000;6;TST-25-23
TST-ROD-BARRIL-1224;BARRIL RODIO PRUEBA TST-ROD-BARRIL-1224;Barriles;135000;7;TST-25-24
TST-LAM-TOPO-1225;TOPO LAMINADO PRUEBA TST-LAM-TOPO-1225;Topos;169000;2;TST-25-25
TST-LAM-CANDONGA-1226;CANDONGA LAMINADO PRUEBA TST-LAM-CANDONGA-1226;Candongas;35000;9;TST-25-26
TST-LAM-EARCUFF-1227;EARCUFF LAMINADO PRUEBA TST-LAM-EARCUFF-1227;Earcuff;69000;10;TST-25-27
TST-LAM-CADENA-1228;CADENA LAMINADO PRUEBA TST-LAM-CADENA-1228;Cadenas;103000;11;TST-25-28
TST-LAM-DIJE-1229;DIJE LAMINADO PRUEBA TST-LAM-DIJE-1229;Dijes;137000;12;TST-25-29
TST-LAM-COLLAR-1230;COLLAR LAMINADO PRUEBA TST-LAM-COLLAR-1230;Collares;171000;0;TST-25-30
TST-LAM-ANILLO-1231;ANILLO LAMINADO PRUEBA TST-LAM-ANILLO-1231;Anillos;37000;14;TST-25-31
TST-LAM-PULSERA-1232;PULSERA LAMINADO PRUEBA TST-LAM-PULSERA-1232;Pulseras;71000;3;TST-25-32
TST-LAM-TOBILLERA-1233;TOBILLERA LAMINADO PRUEBA TST-LAM-TOBILLERA-1233;Tobilleras;105000;16;TST-25-33
TST-LAM-BALIN-1234;BALIN LAMINADO PRUEBA TST-LAM-BALIN-1234;Balines;139000;17;TST-25-34
TST-LAM-HERRAJE-1235;HERRAJE LAMINADO PRUEBA TST-LAM-HERRAJE-1235;Herrajes;173000;18;TST-25-35
TST-LAM-BARRIL-1236;BARRIL LAMINADO PRUEBA TST-LAM-BARRIL-1236;Barriles;39000;19;TST-25-36
TST-PLA-TOPO-1237;TOPO PLATA PRUEBA TST-PLA-TOPO-1237;Topos;73000;20;TST-25-37
TST-PLA-CANDONGA-1238;CANDONGA PLATA PRUEBA TST-PLA-CANDONGA-1238;Candongas;107000;21;TST-25-38
TST-PLA-EARCUFF-1239;EARCUFF PLATA PRUEBA TST-PLA-EARCUFF-1239;Earcuff;141000;1;TST-25-39
TST-PLA-CADENA-1240;CADENA PLATA PRUEBA TST-PLA-CADENA-1240;Cadenas;175000;0;TST-25-40
TST-PLA-DIJE-1241;DIJE PLATA PRUEBA TST-PLA-DIJE-1241;Dijes;41000;24;TST-25-41
TST-PLA-COLLAR-1242;COLLAR PLATA PRUEBA TST-PLA-COLLAR-1242;Collares;75000;25;TST-25-42
TST-PLA-ANILLO-1243;ANILLO PLATA PRUEBA TST-PLA-ANILLO-1243;Anillos;109000;26;TST-25-43
TST-PLA-PULSERA-1244;PULSERA PLATA PRUEBA TST-PLA-PULSERA-1244;Pulseras;143000;27;TST-25-44
TST-PLA-TOBILLERA-1245;TOBILLERA PLATA PRUEBA TST-PLA-TOBILLERA-1245;Tobilleras;177000;28;TST-25-45
TST-PLA-BALIN-1246;BALIN PLATA PRUEBA TST-PLA-BALIN-1246;Balines;43000;2;TST-25-46
TST-PLA-HERRAJE-1247;HERRAJE PLATA PRUEBA TST-PLA-HERRAJE-1247;Herrajes;77000;30;TST-25-47
TST-PLA-BARRIL-1248;BARRIL PLATA PRUEBA TST-PLA-BARRIL-1248;Barriles;111000;31;TST-25-48
TST-ROD-TOPO-1249;TOPO RODIO PRUEBA TST-ROD-TOPO-1249;Topos;145000;32;TST-25-49
TST-ROD-CANDONGA-1250;CANDONGA RODIO PRUEBA TST-ROD-CANDONGA-1250;Candongas;179000;0;TST-25-50
TST-ROD-EARCUFF-1251;EARCUFF RODIO PRUEBA TST-ROD-EARCUFF-1251;Earcuff;45000;34;TST-26-01
TST-ROD-CADENA-1252;CADENA RODIO PRUEBA TST-ROD-CADENA-1252;Cadenas;79000;35;TST-26-02
TST-ROD-DIJE-1253;DIJE RODIO PRUEBA TST-ROD-DIJE-1253;Dijes;113000;3;TST-26-03
TST-ROD-COLLAR-1254;COLLAR RODIO PRUEBA TST-ROD-COLLAR-1254;Collares;147000;37;TST-26-04
TST-ROD-ANILLO-1255;ANILLO RODIO PRUEBA TST-ROD-ANILLO-1255;Anillos;181000;38;TST-26-05
TST-ROD-PULSERA-1256;PULSERA RODIO PRUEBA TST-ROD-PULSERA-1256;Pulseras;47000;39;TST-26-06
TST-ROD-TOBILLERA-1257;TOBILLERA RODIO PRUEBA TST-ROD-TOBILLERA-1257;Tobilleras;81000;40;TST-26-07
TST-ROD-BALIN-1258;BALIN RODIO PRUEBA TST-ROD-BALIN-1258;Balines;115000;4;TST-26-08
TST-ROD-HERRAJE-1259;HERRAJE RODIO PRUEBA TST-ROD-HERRAJE-1259;Herrajes;149000;5;TST-26-09
TST-ROD-BARRIL-1260;BARRIL RODIO PRUEBA TST-ROD-BARRIL-1260;Barriles;15000;0;TST-26-10
TST-LAM-TOPO-1261;TOPO LAMINADO PRUEBA TST-LAM-TOPO-1261;Topos;49000;7;TST-26-11
TST-LAM-CANDONGA-1262;CANDONGA LAMINADO PRUEBA TST-LAM-CANDONGA-1262;Candongas;83000;8;TST-26-12
TST-LAM-EARCUFF-1263;EARCUFF LAMINADO PRUEBA TST-LAM-EARCUFF-1263;Earcuff;117000;9;TST-26-13
TST-LAM-CADENA-1264;CADENA LAMINADO PRUEBA TST-LAM-CADENA-1264;Cadenas;151000;10;TST-26-14
TST-LAM-DIJE-1265;DIJE LAMINADO PRUEBA TST-LAM-DIJE-1265;Dijes;17000;11;TST-26-15
TST-LAM-COLLAR-1266;COLLAR LAMINADO PRUEBA TST-LAM-COLLAR-1266;Collares;51000;12;TST-26-16
TST-LAM-ANILLO-1267;ANILLO LAMINADO PRUEBA TST-LAM-ANILLO-1267;Anillos;85000;2;TST-26-17
TST-LAM-PULSERA-1268;PULSERA LAMINADO PRUEBA TST-LAM-PULSERA-1268;Pulseras;119000;14;TST-26-18
TST-LAM-TOBILLERA-1269;TOBILLERA LAMINADO PRUEBA TST-LAM-TOBILLERA-1269;Tobilleras;153000;15;TST-26-19
TST-LAM-BALIN-1270;BALIN LAMINADO PRUEBA TST-LAM-BALIN-1270;Balines;19000;0;TST-26-20
TST-LAM-HERRAJE-1271;HERRAJE LAMINADO PRUEBA TST-LAM-HERRAJE-1271;Herrajes;53000;17;TST-26-21
TST-LAM-BARRIL-1272;BARRIL LAMINADO PRUEBA TST-LAM-BARRIL-1272;Barriles;87000;18;TST-26-22
TST-PLA-TOPO-1273;TOPO PLATA PRUEBA TST-PLA-TOPO-1273;Topos;121000;19;TST-26-23
TST-PLA-CANDONGA-1274;CANDONGA PLATA PRUEBA TST-PLA-CANDONGA-1274;Candongas;155000;3;TST-26-24
TST-PLA-EARCUFF-1275;EARCUFF PLATA PRUEBA TST-PLA-EARCUFF-1275;Earcuff;21000;21;TST-26-25
TST-PLA-CADENA-1276;CADENA PLATA PRUEBA TST-PLA-CADENA-1276;Cadenas;55000;22;TST-26-26
TST-PLA-DIJE-1277;DIJE PLATA PRUEBA TST-PLA-DIJE-1277;Dijes;89000;23;TST-26-27
TST-PLA-COLLAR-1278;COLLAR PLATA PRUEBA TST-PLA-COLLAR-1278;Collares;123000;24;TST-26-28
TST-PLA-ANILLO-1279;ANILLO PLATA PRUEBA TST-PLA-ANILLO-1279;Anillos;157000;25;TST-26-29
TST-PLA-PULSERA-1280;PULSERA PLATA PRUEBA TST-PLA-PULSERA-1280;Pulseras;23000;0;TST-26-30
TST-PLA-TOBILLERA-1281;TOBILLERA PLATA PRUEBA TST-PLA-TOBILLERA-1281;Tobilleras;57000;1;TST-26-31
TST-PLA-BALIN-1282;BALIN PLATA PRUEBA TST-PLA-BALIN-1282;Balines;91000;28;TST-26-32
TST-PLA-HERRAJE-1283;HERRAJE PLATA PRUEBA TST-PLA-HERRAJE-1283;Herrajes;125000;29;TST-26-33
TST-PLA-BARRIL-1284;BARRIL PLATA PRUEBA TST-PLA-BARRIL-1284;Barriles;159000;30;TST-26-34
TST-ROD-TOPO-1285;TOPO RODIO PRUEBA TST-ROD-TOPO-1285;Topos;25000;31;TST-26-35
TST-ROD-CANDONGA-1286;CANDONGA RODIO PRUEBA TST-ROD-CANDONGA-1286;Candongas;59000;32;TST-26-36
TST-ROD-EARCUFF-1287;EARCUFF RODIO PRUEBA TST-ROD-EARCUFF-1287;Earcuff;93000;33;TST-26-37
TST-ROD-CADENA-1288;CADENA RODIO PRUEBA TST-ROD-CADENA-1288;Cadenas;127000;2;TST-26-38
TST-ROD-DIJE-1289;DIJE RODIO PRUEBA TST-ROD-DIJE-1289;Dijes;161000;35;TST-26-39
TST-ROD-COLLAR-1290;COLLAR RODIO PRUEBA TST-ROD-COLLAR-1290;Collares;27000;0;TST-26-40
TST-ROD-ANILLO-1291;ANILLO RODIO PRUEBA TST-ROD-ANILLO-1291;Anillos;61000;37;TST-26-41
TST-ROD-PULSERA-1292;PULSERA RODIO PRUEBA TST-ROD-PULSERA-1292;Pulseras;95000;38;TST-26-42
TST-ROD-TOBILLERA-1293;TOBILLERA RODIO PRUEBA TST-ROD-TOBILLERA-1293;Tobilleras;129000;39;TST-26-43
TST-ROD-BALIN-1294;BALIN RODIO PRUEBA TST-ROD-BALIN-1294;Balines;163000;40;TST-26-44
TST-ROD-HERRAJE-1295;HERRAJE RODIO PRUEBA TST-ROD-HERRAJE-1295;Herrajes;29000;3;TST-26-45
TST-ROD-BARRIL-1296;BARRIL RODIO PRUEBA TST-ROD-BARRIL-1296;Barriles;63000;5;TST-26-46
TST-LAM-TOPO-1297;TOPO LAMINADO PRUEBA TST-LAM-TOPO-1297;Topos;97000;6;TST-26-47
TST-LAM-CANDONGA-1298;CANDONGA LAMINADO PRUEBA TST-LAM-CANDONGA-1298;Candongas;131000;7;TST-26-48
TST-LAM-EARCUFF-1299;EARCUFF LAMINADO PRUEBA TST-LAM-EARCUFF-1299;Earcuff;165000;8;TST-26-49
TST-LAM-CADENA-1300;CADENA LAMINADO PRUEBA TST-LAM-CADENA-1300;Cadenas;31000;0;TST-26-50
TST-LAM-DIJE-1301;DIJE LAMINADO PRUEBA TST-LAM-DIJE-1301;Dijes;65000;10;TST-27-01
TST-LAM-COLLAR-1302;COLLAR LAMINADO PRUEBA TST-LAM-COLLAR-1302;Collares;99000;1;TST-27-02
TST-LAM-ANILLO-1303;ANILLO LAMINADO PRUEBA TST-LAM-ANILLO-1303;Anillos;133000;12;TST-27-03
TST-LAM-PULSERA-1304;PULSERA LAMINADO PRUEBA TST-LAM-PULSERA-1304;Pulseras;167000;13;TST-27-04
TST-LAM-TOBILLERA-1305;TOBILLERA LAMINADO PRUEBA TST-LAM-TOBILLERA-1305;Tobilleras;33000;14;TST-27-05
TST-LAM-BALIN-1306;BALIN LAMINADO PRUEBA TST-LAM-BALIN-1306;Balines;67000;15;TST-27-06
TST-LAM-HERRAJE-1307;HERRAJE LAMINADO PRUEBA TST-LAM-HERRAJE-1307;Herrajes;101000;16;TST-27-07
TST-LAM-BARRIL-1308;BARRIL LAMINADO PRUEBA TST-LAM-BARRIL-1308;Barriles;135000;17;TST-27-08
TST-PLA-TOPO-1309;TOPO PLATA PRUEBA TST-PLA-TOPO-1309;Topos;169000;2;TST-27-09
TST-PLA-CANDONGA-1310;CANDONGA PLATA PRUEBA TST-PLA-CANDONGA-1310;Candongas;35000;0;TST-27-10
TST-PLA-EARCUFF-1311;EARCUFF PLATA PRUEBA TST-PLA-EARCUFF-1311;Earcuff;69000;20;TST-27-11
TST-PLA-CADENA-1312;CADENA PLATA PRUEBA TST-PLA-CADENA-1312;Cadenas;103000;21;TST-27-12
TST-PLA-DIJE-1313;DIJE PLATA PRUEBA TST-PLA-DIJE-1313;Dijes;137000;22;TST-27-13
TST-PLA-COLLAR-1314;COLLAR PLATA PRUEBA TST-PLA-COLLAR-1314;Collares;171000;23;TST-27-14
TST-PLA-ANILLO-1315;ANILLO PLATA PRUEBA TST-PLA-ANILLO-1315;Anillos;37000;24;TST-27-15
TST-PLA-PULSERA-1316;PULSERA PLATA PRUEBA TST-PLA-PULSERA-1316;Pulseras;71000;3;TST-27-16
TST-PLA-TOBILLERA-1317;TOBILLERA PLATA PRUEBA TST-PLA-TOBILLERA-1317;Tobilleras;105000;26;TST-27-17
TST-PLA-BALIN-1318;BALIN PLATA PRUEBA TST-PLA-BALIN-1318;Balines;139000;27;TST-27-18
TST-PLA-HERRAJE-1319;HERRAJE PLATA PRUEBA TST-PLA-HERRAJE-1319;Herrajes;173000;28;TST-27-19
TST-PLA-BARRIL-1320;BARRIL PLATA PRUEBA TST-PLA-BARRIL-1320;Barriles;39000;0;TST-27-20
TST-ROD-TOPO-1321;TOPO RODIO PRUEBA TST-ROD-TOPO-1321;Topos;73000;30;TST-27-21
TST-ROD-CANDONGA-1322;CANDONGA RODIO PRUEBA TST-ROD-CANDONGA-1322;Candongas;107000;31;TST-27-22
TST-ROD-EARCUFF-1323;EARCUFF RODIO PRUEBA TST-ROD-EARCUFF-1323;Earcuff;141000;1;TST-27-23
TST-ROD-CADENA-1324;CADENA RODIO PRUEBA TST-ROD-CADENA-1324;Cadenas;175000;33;TST-27-24
TST-ROD-DIJE-1325;DIJE RODIO PRUEBA TST-ROD-DIJE-1325;Dijes;41000;34;TST-27-25
TST-ROD-COLLAR-1326;COLLAR RODIO PRUEBA TST-ROD-COLLAR-1326;Collares;75000;35;TST-27-26
TST-ROD-ANILLO-1327;ANILLO RODIO PRUEBA TST-ROD-ANILLO-1327;Anillos;109000;36;TST-27-27
TST-ROD-PULSERA-1328;PULSERA RODIO PRUEBA TST-ROD-PULSERA-1328;Pulseras;143000;37;TST-27-28
TST-ROD-TOBILLERA-1329;TOBILLERA RODIO PRUEBA TST-ROD-TOBILLERA-1329;Tobilleras;177000;38;TST-27-29
TST-ROD-BALIN-1330;BALIN RODIO PRUEBA TST-ROD-BALIN-1330;Balines;43000;0;TST-27-30
TST-ROD-HERRAJE-1331;HERRAJE RODIO PRUEBA TST-ROD-HERRAJE-1331;Herrajes;77000;40;TST-27-31
TST-ROD-BARRIL-1332;BARRIL RODIO PRUEBA TST-ROD-BARRIL-1332;Barriles;111000;4;TST-27-32
TST-LAM-TOPO-1333;TOPO LAMINADO PRUEBA TST-LAM-TOPO-1333;Topos;145000;5;TST-27-33
TST-LAM-CANDONGA-1334;CANDONGA LAMINADO PRUEBA TST-LAM-CANDONGA-1334;Candongas;179000;6;TST-27-34
TST-LAM-EARCUFF-1335;EARCUFF LAMINADO PRUEBA TST-LAM-EARCUFF-1335;Earcuff;45000;7;TST-27-35
TST-LAM-CADENA-1336;CADENA LAMINADO PRUEBA TST-LAM-CADENA-1336;Cadenas;79000;8;TST-27-36
TST-LAM-DIJE-1337;DIJE LAMINADO PRUEBA TST-LAM-DIJE-1337;Dijes;113000;3;TST-27-37
TST-LAM-COLLAR-1338;COLLAR LAMINADO PRUEBA TST-LAM-COLLAR-1338;Collares;147000;10;TST-27-38
TST-LAM-ANILLO-1339;ANILLO LAMINADO PRUEBA TST-LAM-ANILLO-1339;Anillos;181000;11;TST-27-39
TST-LAM-PULSERA-1340;PULSERA LAMINADO PRUEBA TST-LAM-PULSERA-1340;Pulseras;47000;0;TST-27-40
TST-LAM-TOBILLERA-1341;TOBILLERA LAMINADO PRUEBA TST-LAM-TOBILLERA-1341;Tobilleras;81000;13;TST-27-41
TST-LAM-BALIN-1342;BALIN LAMINADO PRUEBA TST-LAM-BALIN-1342;Balines;115000;14;TST-27-42
TST-LAM-HERRAJE-1343;HERRAJE LAMINADO PRUEBA TST-LAM-HERRAJE-1343;Herrajes;149000;15;TST-27-43
TST-LAM-BARRIL-1344;BARRIL LAMINADO PRUEBA TST-LAM-BARRIL-1344;Barriles;15000;1;TST-27-44
TST-PLA-TOPO-1345;TOPO PLATA PRUEBA TST-PLA-TOPO-1345;Topos;49000;17;TST-27-45
TST-PLA-CANDONGA-1346;CANDONGA PLATA PRUEBA TST-PLA-CANDONGA-1346;Candongas;83000;18;TST-27-46
TST-PLA-EARCUFF-1347;EARCUFF PLATA PRUEBA TST-PLA-EARCUFF-1347;Earcuff;117000;19;TST-27-47
TST-PLA-CADENA-1348;CADENA PLATA PRUEBA TST-PLA-CADENA-1348;Cadenas;151000;20;TST-27-48
TST-PLA-DIJE-1349;DIJE PLATA PRUEBA TST-PLA-DIJE-1349;Dijes;17000;21;TST-27-49
TST-PLA-COLLAR-1350;COLLAR PLATA PRUEBA TST-PLA-COLLAR-1350;Collares;51000;0;TST-27-50
TST-PLA-ANILLO-1351;ANILLO PLATA PRUEBA TST-PLA-ANILLO-1351;Anillos;85000;2;TST-28-01
TST-PLA-PULSERA-1352;PULSERA PLATA PRUEBA TST-PLA-PULSERA-1352;Pulseras;119000;24;TST-28-02
TST-PLA-TOBILLERA-1353;TOBILLERA PLATA PRUEBA TST-PLA-TOBILLERA-1353;Tobilleras;153000;25;TST-28-03
TST-PLA-BALIN-1354;BALIN PLATA PRUEBA TST-PLA-BALIN-1354;Balines;19000;26;TST-28-04
TST-PLA-HERRAJE-1355;HERRAJE PLATA PRUEBA TST-PLA-HERRAJE-1355;Herrajes;53000;27;TST-28-05
TST-PLA-BARRIL-1356;BARRIL PLATA PRUEBA TST-PLA-BARRIL-1356;Barriles;87000;28;TST-28-06
TST-ROD-TOPO-1357;TOPO RODIO PRUEBA TST-ROD-TOPO-1357;Topos;121000;29;TST-28-07
TST-ROD-CANDONGA-1358;CANDONGA RODIO PRUEBA TST-ROD-CANDONGA-1358;Candongas;155000;3;TST-28-08
TST-ROD-EARCUFF-1359;EARCUFF RODIO PRUEBA TST-ROD-EARCUFF-1359;Earcuff;21000;31;TST-28-09
TST-ROD-CADENA-1360;CADENA RODIO PRUEBA TST-ROD-CADENA-1360;Cadenas;55000;0;TST-28-10
TST-ROD-DIJE-1361;DIJE RODIO PRUEBA TST-ROD-DIJE-1361;Dijes;89000;33;TST-28-11
TST-ROD-COLLAR-1362;COLLAR RODIO PRUEBA TST-ROD-COLLAR-1362;Collares;123000;34;TST-28-12
TST-ROD-ANILLO-1363;ANILLO RODIO PRUEBA TST-ROD-ANILLO-1363;Anillos;157000;35;TST-28-13
TST-ROD-PULSERA-1364;PULSERA RODIO PRUEBA TST-ROD-PULSERA-1364;Pulseras;23000;36;TST-28-14
TST-ROD-TOBILLERA-1365;TOBILLERA RODIO PRUEBA TST-ROD-TOBILLERA-1365;Tobilleras;57000;1;TST-28-15
TST-ROD-BALIN-1366;BALIN RODIO PRUEBA TST-ROD-BALIN-1366;Balines;91000;38;TST-28-16
TST-ROD-HERRAJE-1367;HERRAJE RODIO PRUEBA TST-ROD-HERRAJE-1367;Herrajes;125000;39;TST-28-17
TST-ROD-BARRIL-1368;BARRIL RODIO PRUEBA TST-ROD-BARRIL-1368;Barriles;159000;40;TST-28-18
TST-LAM-TOPO-1369;TOPO LAMINADO PRUEBA TST-LAM-TOPO-1369;Topos;25000;4;TST-28-19
TST-LAM-CANDONGA-1370;CANDONGA LAMINADO PRUEBA TST-LAM-CANDONGA-1370;Candongas;59000;0;TST-28-20
TST-LAM-EARCUFF-1371;EARCUFF LAMINADO PRUEBA TST-LAM-EARCUFF-1371;Earcuff;93000;6;TST-28-21
TST-LAM-CADENA-1372;CADENA LAMINADO PRUEBA TST-LAM-CADENA-1372;Cadenas;127000;2;TST-28-22
TST-LAM-DIJE-1373;DIJE LAMINADO PRUEBA TST-LAM-DIJE-1373;Dijes;161000;8;TST-28-23
TST-LAM-COLLAR-1374;COLLAR LAMINADO PRUEBA TST-LAM-COLLAR-1374;Collares;27000;9;TST-28-24
TST-LAM-ANILLO-1375;ANILLO LAMINADO PRUEBA TST-LAM-ANILLO-1375;Anillos;61000;10;TST-28-25
TST-LAM-PULSERA-1376;PULSERA LAMINADO PRUEBA TST-LAM-PULSERA-1376;Pulseras;95000;11;TST-28-26
TST-LAM-TOBILLERA-1377;TOBILLERA LAMINADO PRUEBA TST-LAM-TOBILLERA-1377;Tobilleras;129000;12;TST-28-27
TST-LAM-BALIN-1378;BALIN LAMINADO PRUEBA TST-LAM-BALIN-1378;Balines;163000;13;TST-28-28
TST-LAM-HERRAJE-1379;HERRAJE LAMINADO PRUEBA TST-LAM-HERRAJE-1379;Herrajes;29000;3;TST-28-29
TST-LAM-BARRIL-1380;BARRIL LAMINADO PRUEBA TST-LAM-BARRIL-1380;Barriles;63000;0;TST-28-30
TST-PLA-TOPO-1381;TOPO PLATA PRUEBA TST-PLA-TOPO-1381;Topos;97000;16;TST-28-31
TST-PLA-CANDONGA-1382;CANDONGA PLATA PRUEBA TST-PLA-CANDONGA-1382;Candongas;131000;17;TST-28-32
TST-PLA-EARCUFF-1383;EARCUFF PLATA PRUEBA TST-PLA-EARCUFF-1383;Earcuff;165000;18;TST-28-33
TST-PLA-CADENA-1384;CADENA PLATA PRUEBA TST-PLA-CADENA-1384;Cadenas;31000;19;TST-28-34
TST-PLA-DIJE-1385;DIJE PLATA PRUEBA TST-PLA-DIJE-1385;Dijes;65000;20;TST-28-35
TST-PLA-COLLAR-1386;COLLAR PLATA PRUEBA TST-PLA-COLLAR-1386;Collares;99000;1;TST-28-36
TST-PLA-ANILLO-1387;ANILLO PLATA PRUEBA TST-PLA-ANILLO-1387;Anillos;133000;22;TST-28-37
TST-PLA-PULSERA-1388;PULSERA PLATA PRUEBA TST-PLA-PULSERA-1388;Pulseras;167000;23;TST-28-38
TST-PLA-TOBILLERA-1389;TOBILLERA PLATA PRUEBA TST-PLA-TOBILLERA-1389;Tobilleras;33000;24;TST-28-39
TST-PLA-BALIN-1390;BALIN PLATA PRUEBA TST-PLA-BALIN-1390;Balines;67000;0;TST-28-40
TST-PLA-HERRAJE-1391;HERRAJE PLATA PRUEBA TST-PLA-HERRAJE-1391;Herrajes;101000;26;TST-28-41
TST-PLA-BARRIL-1392;BARRIL PLATA PRUEBA TST-PLA-BARRIL-1392;Barriles;135000;27;TST-28-42
TST-ROD-TOPO-1393;TOPO RODIO PRUEBA TST-ROD-TOPO-1393;Topos;169000;2;TST-28-43
TST-ROD-CANDONGA-1394;CANDONGA RODIO PRUEBA TST-ROD-CANDONGA-1394;Candongas;35000;29;TST-28-44
TST-ROD-EARCUFF-1395;EARCUFF RODIO PRUEBA TST-ROD-EARCUFF-1395;Earcuff;69000;30;TST-28-45
TST-ROD-CADENA-1396;CADENA RODIO PRUEBA TST-ROD-CADENA-1396;Cadenas;103000;31;TST-28-46
TST-ROD-DIJE-1397;DIJE RODIO PRUEBA TST-ROD-DIJE-1397;Dijes;137000;32;TST-28-47
TST-ROD-COLLAR-1398;COLLAR RODIO PRUEBA TST-ROD-COLLAR-1398;Collares;171000;33;TST-28-48
TST-ROD-ANILLO-1399;ANILLO RODIO PRUEBA TST-ROD-ANILLO-1399;Anillos;37000;34;TST-28-49
TST-ROD-PULSERA-1400;PULSERA RODIO PRUEBA TST-ROD-PULSERA-1400;Pulseras;71000;0;TST-28-50
TST-ROD-TOBILLERA-1401;TOBILLERA RODIO PRUEBA TST-ROD-TOBILLERA-1401;Tobilleras;105000;36;TST-29-01
TST-ROD-BALIN-1402;BALIN RODIO PRUEBA TST-ROD-BALIN-1402;Balines;139000;37;TST-29-02
TST-ROD-HERRAJE-1403;HERRAJE RODIO PRUEBA TST-ROD-HERRAJE-1403;Herrajes;173000;38;TST-29-03
TST-ROD-BARRIL-1404;BARRIL RODIO PRUEBA TST-ROD-BARRIL-1404;Barriles;39000;39;TST-29-04
TST-LAM-TOPO-1405;TOPO LAMINADO PRUEBA TST-LAM-TOPO-1405;Topos;73000;40;TST-29-05
TST-LAM-CANDONGA-1406;CANDONGA LAMINADO PRUEBA TST-LAM-CANDONGA-1406;Candongas;107000;4;TST-29-06
TST-LAM-EARCUFF-1407;EARCUFF LAMINADO PRUEBA TST-LAM-EARCUFF-1407;Earcuff;141000;1;TST-29-07
TST-LAM-CADENA-1408;CADENA LAMINADO PRUEBA TST-LAM-CADENA-1408;Cadenas;175000;6;TST-29-08
TST-LAM-DIJE-1409;DIJE LAMINADO PRUEBA TST-LAM-DIJE-1409;Dijes;41000;7;TST-29-09
TST-LAM-COLLAR-1410;COLLAR LAMINADO PRUEBA TST-LAM-COLLAR-1410;Collares;75000;0;TST-29-10
TST-LAM-ANILLO-1411;ANILLO LAMINADO PRUEBA TST-LAM-ANILLO-1411;Anillos;109000;9;TST-29-11
TST-LAM-PULSERA-1412;PULSERA LAMINADO PRUEBA TST-LAM-PULSERA-1412;Pulseras;143000;10;TST-29-12
TST-LAM-TOBILLERA-1413;TOBILLERA LAMINADO PRUEBA TST-LAM-TOBILLERA-1413;Tobilleras;177000;11;TST-29-13
TST-LAM-BALIN-1414;BALIN LAMINADO PRUEBA TST-LAM-BALIN-1414;Balines;43000;2;TST-29-14
TST-LAM-HERRAJE-1415;HERRAJE LAMINADO PRUEBA TST-LAM-HERRAJE-1415;Herrajes;77000;13;TST-29-15
TST-LAM-BARRIL-1416;BARRIL LAMINADO PRUEBA TST-LAM-BARRIL-1416;Barriles;111000;14;TST-29-16
TST-PLA-TOPO-1417;TOPO PLATA PRUEBA TST-PLA-TOPO-1417;Topos;145000;15;TST-29-17
TST-PLA-CANDONGA-1418;CANDONGA PLATA PRUEBA TST-PLA-CANDONGA-1418;Candongas;179000;16;TST-29-18
TST-PLA-EARCUFF-1419;EARCUFF PLATA PRUEBA TST-PLA-EARCUFF-1419;Earcuff;45000;17;TST-29-19
TST-PLA-CADENA-1420;CADENA PLATA PRUEBA TST-PLA-CADENA-1420;Cadenas;79000;0;TST-29-20
TST-PLA-DIJE-1421;DIJE PLATA PRUEBA TST-PLA-DIJE-1421;Dijes;113000;3;TST-29-21
TST-PLA-COLLAR-1422;COLLAR PLATA PRUEBA TST-PLA-COLLAR-1422;Collares;147000;20;TST-29-22
TST-PLA-ANILLO-1423;ANILLO PLATA PRUEBA TST-PLA-ANILLO-1423;Anillos;181000;21;TST-29-23
TST-PLA-PULSERA-1424;PULSERA PLATA PRUEBA TST-PLA-PULSERA-1424;Pulseras;47000;22;TST-29-24
TST-PLA-TOBILLERA-1425;TOBILLERA PLATA PRUEBA TST-PLA-TOBILLERA-1425;Tobilleras;81000;23;TST-29-25
TST-PLA-BALIN-1426;BALIN PLATA PRUEBA TST-PLA-BALIN-1426;Balines;115000;24;TST-29-26
TST-PLA-HERRAJE-1427;HERRAJE PLATA PRUEBA TST-PLA-HERRAJE-1427;Herrajes;149000;25;TST-29-27
TST-PLA-BARRIL-1428;BARRIL PLATA PRUEBA TST-PLA-BARRIL-1428;Barriles;15000;1;TST-29-28
TST-ROD-TOPO-1429;TOPO RODIO PRUEBA TST-ROD-TOPO-1429;Topos;49000;27;TST-29-29
TST-ROD-CANDONGA-1430;CANDONGA RODIO PRUEBA TST-ROD-CANDONGA-1430;Candongas;83000;0;TST-29-30
TST-ROD-EARCUFF-1431;EARCUFF RODIO PRUEBA TST-ROD-EARCUFF-1431;Earcuff;117000;29;TST-29-31
TST-ROD-CADENA-1432;CADENA RODIO PRUEBA TST-ROD-CADENA-1432;Cadenas;151000;30;TST-29-32
TST-ROD-DIJE-1433;DIJE RODIO PRUEBA TST-ROD-DIJE-1433;Dijes;17000;31;TST-29-33
TST-ROD-COLLAR-1434;COLLAR RODIO PRUEBA TST-ROD-COLLAR-1434;Collares;51000;32;TST-29-34
TST-ROD-ANILLO-1435;ANILLO RODIO PRUEBA TST-ROD-ANILLO-1435;Anillos;85000;2;TST-29-35
TST-ROD-PULSERA-1436;PULSERA RODIO PRUEBA TST-ROD-PULSERA-1436;Pulseras;119000;34;TST-29-36
TST-ROD-TOBILLERA-1437;TOBILLERA RODIO PRUEBA TST-ROD-TOBILLERA-1437;Tobilleras;153000;35;TST-29-37
TST-ROD-BALIN-1438;BALIN RODIO PRUEBA TST-ROD-BALIN-1438;Balines;19000;36;TST-29-38
TST-ROD-HERRAJE-1439;HERRAJE RODIO PRUEBA TST-ROD-HERRAJE-1439;Herrajes;53000;37;TST-29-39
TST-ROD-BARRIL-1440;BARRIL RODIO PRUEBA TST-ROD-BARRIL-1440;Barriles;87000;0;TST-29-40
TST-LAM-TOPO-1441;TOPO LAMINADO PRUEBA TST-LAM-TOPO-1441;Topos;121000;39;TST-29-41
TST-LAM-CANDONGA-1442;CANDONGA LAMINADO PRUEBA TST-LAM-CANDONGA-1442;Candongas;155000;3;TST-29-42
TST-LAM-EARCUFF-1443;EARCUFF LAMINADO PRUEBA TST-LAM-EARCUFF-1443;Earcuff;21000;4;TST-29-43
TST-LAM-CADENA-1444;CADENA LAMINADO PRUEBA TST-LAM-CADENA-1444;Cadenas;55000;5;TST-29-44
TST-LAM-DIJE-1445;DIJE LAMINADO PRUEBA TST-LAM-DIJE-1445;Dijes;89000;6;TST-29-45
TST-LAM-COLLAR-1446;COLLAR LAMINADO PRUEBA TST-LAM-COLLAR-1446;Collares;123000;7;TST-29-46
TST-LAM-ANILLO-1447;ANILLO LAMINADO PRUEBA TST-LAM-ANILLO-1447;Anillos;157000;8;TST-29-47
TST-LAM-PULSERA-1448;PULSERA LAMINADO PRUEBA TST-LAM-PULSERA-1448;Pulseras;23000;9;TST-29-48
TST-LAM-TOBILLERA-1449;TOBILLERA LAMINADO PRUEBA TST-LAM-TOBILLERA-1449;Tobilleras;57000;1;TST-29-49
TST-LAM-BALIN-1450;BALIN LAMINADO PRUEBA TST-LAM-BALIN-1450;Balines;91000;0;TST-29-50
TST-LAM-HERRAJE-1451;HERRAJE LAMINADO PRUEBA TST-LAM-HERRAJE-1451;Herrajes;125000;12;TST-30-01
TST-LAM-BARRIL-1452;BARRIL LAMINADO PRUEBA TST-LAM-BARRIL-1452;Barriles;159000;13;TST-30-02
TST-PLA-TOPO-1453;TOPO PLATA PRUEBA TST-PLA-TOPO-1453;Topos;25000;14;TST-30-03
TST-PLA-CANDONGA-1454;CANDONGA PLATA PRUEBA TST-PLA-CANDONGA-1454;Candongas;59000;15;TST-30-04
TST-PLA-EARCUFF-1455;EARCUFF PLATA PRUEBA TST-PLA-EARCUFF-1455;Earcuff;93000;16;TST-30-05
TST-PLA-CADENA-1456;CADENA PLATA PRUEBA TST-PLA-CADENA-1456;Cadenas;127000;2;TST-30-06
TST-PLA-DIJE-1457;DIJE PLATA PRUEBA TST-PLA-DIJE-1457;Dijes;161000;18;TST-30-07
TST-PLA-COLLAR-1458;COLLAR PLATA PRUEBA TST-PLA-COLLAR-1458;Collares;27000;19;TST-30-08
TST-PLA-ANILLO-1459;ANILLO PLATA PRUEBA TST-PLA-ANILLO-1459;Anillos;61000;20;TST-30-09
TST-PLA-PULSERA-1460;PULSERA PLATA PRUEBA TST-PLA-PULSERA-1460;Pulseras;95000;0;TST-30-10
TST-PLA-TOBILLERA-1461;TOBILLERA PLATA PRUEBA TST-PLA-TOBILLERA-1461;Tobilleras;129000;22;TST-30-11
TST-PLA-BALIN-1462;BALIN PLATA PRUEBA TST-PLA-BALIN-1462;Balines;163000;23;TST-30-12
TST-PLA-HERRAJE-1463;HERRAJE PLATA PRUEBA TST-PLA-HERRAJE-1463;Herrajes;29000;3;TST-30-13
TST-PLA-BARRIL-1464;BARRIL PLATA PRUEBA TST-PLA-BARRIL-1464;Barriles;63000;25;TST-30-14
TST-ROD-TOPO-1465;TOPO RODIO PRUEBA TST-ROD-TOPO-1465;Topos;97000;26;TST-30-15
TST-ROD-CANDONGA-1466;CANDONGA RODIO PRUEBA TST-ROD-CANDONGA-1466;Candongas;131000;27;TST-30-16
TST-ROD-EARCUFF-1467;EARCUFF RODIO PRUEBA TST-ROD-EARCUFF-1467;Earcuff;165000;28;TST-30-17
TST-ROD-CADENA-1468;CADENA RODIO PRUEBA TST-ROD-CADENA-1468;Cadenas;31000;29;TST-30-18
TST-ROD-DIJE-1469;DIJE RODIO PRUEBA TST-ROD-DIJE-1469;Dijes;65000;30;TST-30-19
TST-ROD-COLLAR-1470;COLLAR RODIO PRUEBA TST-ROD-COLLAR-1470;Collares;99000;0;TST-30-20
TST-ROD-ANILLO-1471;ANILLO RODIO PRUEBA TST-ROD-ANILLO-1471;Anillos;133000;32;TST-30-21
TST-ROD-PULSERA-1472;PULSERA RODIO PRUEBA TST-ROD-PULSERA-1472;Pulseras;167000;33;TST-30-22
TST-ROD-TOBILLERA-1473;TOBILLERA RODIO PRUEBA TST-ROD-TOBILLERA-1473;Tobilleras;33000;34;TST-30-23
TST-ROD-BALIN-1474;BALIN RODIO PRUEBA TST-ROD-BALIN-1474;Balines;67000;35;TST-30-24
TST-ROD-HERRAJE-1475;HERRAJE RODIO PRUEBA TST-ROD-HERRAJE-1475;Herrajes;101000;36;TST-30-25
TST-ROD-BARRIL-1476;BARRIL RODIO PRUEBA TST-ROD-BARRIL-1476;Barriles;135000;37;TST-30-26
TST-LAM-TOPO-1477;TOPO LAMINADO PRUEBA TST-LAM-TOPO-1477;Topos;169000;2;TST-30-27
TST-LAM-CANDONGA-1478;CANDONGA LAMINADO PRUEBA TST-LAM-CANDONGA-1478;Candongas;35000;39;TST-30-28
TST-LAM-EARCUFF-1479;EARCUFF LAMINADO PRUEBA TST-LAM-EARCUFF-1479;Earcuff;69000;40;TST-30-29
TST-LAM-CADENA-1480;CADENA LAMINADO PRUEBA TST-LAM-CADENA-1480;Cadenas;103000;0;TST-30-30
TST-LAM-DIJE-1481;DIJE LAMINADO PRUEBA TST-LAM-DIJE-1481;Dijes;137000;5;TST-30-31
TST-LAM-COLLAR-1482;COLLAR LAMINADO PRUEBA TST-LAM-COLLAR-1482;Collares;171000;6;TST-30-32
TST-LAM-ANILLO-1483;ANILLO LAMINADO PRUEBA TST-LAM-ANILLO-1483;Anillos;37000;7;TST-30-33
TST-LAM-PULSERA-1484;PULSERA LAMINADO PRUEBA TST-LAM-PULSERA-1484;Pulseras;71000;3;TST-30-34
TST-LAM-TOBILLERA-1485;TOBILLERA LAMINADO PRUEBA TST-LAM-TOBILLERA-1485;Tobilleras;105000;9;TST-30-35
TST-LAM-BALIN-1486;BALIN LAMINADO PRUEBA TST-LAM-BALIN-1486;Balines;139000;10;TST-30-36
TST-LAM-HERRAJE-1487;HERRAJE LAMINADO PRUEBA TST-LAM-HERRAJE-1487;Herrajes;173000;11;TST-30-37
TST-LAM-BARRIL-1488;BARRIL LAMINADO PRUEBA TST-LAM-BARRIL-1488;Barriles;39000;12;TST-30-38
TST-PLA-TOPO-1489;TOPO PLATA PRUEBA TST-PLA-TOPO-1489;Topos;73000;13;TST-30-39
TST-PLA-CANDONGA-1490;CANDONGA PLATA PRUEBA TST-PLA-CANDONGA-1490;Candongas;107000;0;TST-30-40
TST-PLA-EARCUFF-1491;EARCUFF PLATA PRUEBA TST-PLA-EARCUFF-1491;Earcuff;141000;1;TST-30-41
TST-PLA-CADENA-1492;CADENA PLATA PRUEBA TST-PLA-CADENA-1492;Cadenas;175000;16;TST-30-42
TST-PLA-DIJE-1493;DIJE PLATA PRUEBA TST-PLA-DIJE-1493;Dijes;41000;17;TST-30-43
TST-PLA-COLLAR-1494;COLLAR PLATA PRUEBA TST-PLA-COLLAR-1494;Collares;75000;18;TST-30-44
TST-PLA-ANILLO-1495;ANILLO PLATA PRUEBA TST-PLA-ANILLO-1495;Anillos;109000;19;TST-30-45
TST-PLA-PULSERA-1496;PULSERA PLATA PRUEBA TST-PLA-PULSERA-1496;Pulseras;143000;20;TST-30-46
TST-PLA-TOBILLERA-1497;TOBILLERA PLATA PRUEBA TST-PLA-TOBILLERA-1497;Tobilleras;177000;21;TST-30-47
TST-PLA-BALIN-1498;BALIN PLATA PRUEBA TST-PLA-BALIN-1498;Balines;43000;2;TST-30-48
TST-PLA-HERRAJE-1499;HERRAJE PLATA PRUEBA TST-PLA-HERRAJE-1499;Herrajes;77000;23;TST-30-49
TST-PLA-BARRIL-1500;BARRIL PLATA PRUEBA TST-PLA-BARRIL-1500;Barriles;111000;0;TST-30-50
TST-ROD-TOPO-1501;TOPO RODIO PRUEBA TST-ROD-TOPO-1501;Topos;145000;25;TST-31-01
TST-ROD-CANDONGA-1502;CANDONGA RODIO PRUEBA TST-ROD-CANDONGA-1502;Candongas;179000;26;TST-31-02
TST-ROD-EARCUFF-1503;EARCUFF RODIO PRUEBA TST-ROD-EARCUFF-1503;Earcuff;45000;27;TST-31-03
TST-ROD-CADENA-1504;CADENA RODIO PRUEBA TST-ROD-CADENA-1504;Cadenas;79000;28;TST-31-04
TST-ROD-DIJE-1505;DIJE RODIO PRUEBA TST-ROD-DIJE-1505;Dijes;113000;3;TST-31-05
TST-ROD-COLLAR-1506;COLLAR RODIO PRUEBA TST-ROD-COLLAR-1506;Collares;147000;30;TST-31-06
TST-ROD-ANILLO-1507;ANILLO RODIO PRUEBA TST-ROD-ANILLO-1507;Anillos;181000;31;TST-31-07
TST-ROD-PULSERA-1508;PULSERA RODIO PRUEBA TST-ROD-PULSERA-1508;Pulseras;47000;32;TST-31-08
TST-ROD-TOBILLERA-1509;TOBILLERA RODIO PRUEBA TST-ROD-TOBILLERA-1509;Tobilleras;81000;33;TST-31-09
TST-ROD-BALIN-1510;BALIN RODIO PRUEBA TST-ROD-BALIN-1510;Balines;115000;0;TST-31-10
TST-ROD-HERRAJE-1511;HERRAJE RODIO PRUEBA TST-ROD-HERRAJE-1511;Herrajes;149000;35;TST-31-11
TST-ROD-BARRIL-1512;BARRIL RODIO PRUEBA TST-ROD-BARRIL-1512;Barriles;15000;1;TST-31-12
TST-LAM-TOPO-1513;TOPO LAMINADO PRUEBA TST-LAM-TOPO-1513;Topos;49000;37;TST-31-13
TST-LAM-CANDONGA-1514;CANDONGA LAMINADO PRUEBA TST-LAM-CANDONGA-1514;Candongas;83000;38;TST-31-14
TST-LAM-EARCUFF-1515;EARCUFF LAMINADO PRUEBA TST-LAM-EARCUFF-1515;Earcuff;117000;39;TST-31-15
TST-LAM-CADENA-1516;CADENA LAMINADO PRUEBA TST-LAM-CADENA-1516;Cadenas;151000;40;TST-31-16
TST-LAM-DIJE-1517;DIJE LAMINADO PRUEBA TST-LAM-DIJE-1517;Dijes;17000;4;TST-31-17
TST-LAM-COLLAR-1518;COLLAR LAMINADO PRUEBA TST-LAM-COLLAR-1518;Collares;51000;5;TST-31-18
TST-LAM-ANILLO-1519;ANILLO LAMINADO PRUEBA TST-LAM-ANILLO-1519;Anillos;85000;2;TST-31-19
TST-LAM-PULSERA-1520;PULSERA LAMINADO PRUEBA TST-LAM-PULSERA-1520;Pulseras;119000;0;TST-31-20
TST-LAM-TOBILLERA-1521;TOBILLERA LAMINADO PRUEBA TST-LAM-TOBILLERA-1521;Tobilleras;153000;8;TST-31-21
TST-LAM-BALIN-1522;BALIN LAMINADO PRUEBA TST-LAM-BALIN-1522;Balines;19000;9;TST-31-22
TST-LAM-HERRAJE-1523;HERRAJE LAMINADO PRUEBA TST-LAM-HERRAJE-1523;Herrajes;53000;10;TST-31-23
TST-LAM-BARRIL-1524;BARRIL LAMINADO PRUEBA TST-LAM-BARRIL-1524;Barriles;87000;11;TST-31-24
TST-PLA-TOPO-1525;TOPO PLATA PRUEBA TST-PLA-TOPO-1525;Topos;121000;12;TST-31-25
TST-PLA-CANDONGA-1526;CANDONGA PLATA PRUEBA TST-PLA-CANDONGA-1526;Candongas;155000;3;TST-31-26
TST-PLA-EARCUFF-1527;EARCUFF PLATA PRUEBA TST-PLA-EARCUFF-1527;Earcuff;21000;14;TST-31-27
TST-PLA-CADENA-1528;CADENA PLATA PRUEBA TST-PLA-CADENA-1528;Cadenas;55000;15;TST-31-28
TST-PLA-DIJE-1529;DIJE PLATA PRUEBA TST-PLA-DIJE-1529;Dijes;89000;16;TST-31-29
TST-PLA-COLLAR-1530;COLLAR PLATA PRUEBA TST-PLA-COLLAR-1530;Collares;123000;0;TST-31-30
TST-PLA-ANILLO-1531;ANILLO PLATA PRUEBA TST-PLA-ANILLO-1531;Anillos;157000;18;TST-31-31
TST-PLA-PULSERA-1532;PULSERA PLATA PRUEBA TST-PLA-PULSERA-1532;Pulseras;23000;19;TST-31-32
TST-PLA-TOBILLERA-1533;TOBILLERA PLATA PRUEBA TST-PLA-TOBILLERA-1533;Tobilleras;57000;1;TST-31-33
TST-PLA-BALIN-1534;BALIN PLATA PRUEBA TST-PLA-BALIN-1534;Balines;91000;21;TST-31-34
TST-PLA-HERRAJE-1535;HERRAJE PLATA PRUEBA TST-PLA-HERRAJE-1535;Herrajes;125000;22;TST-31-35
TST-PLA-BARRIL-1536;BARRIL PLATA PRUEBA TST-PLA-BARRIL-1536;Barriles;159000;23;TST-31-36
TST-ROD-TOPO-1537;TOPO RODIO PRUEBA TST-ROD-TOPO-1537;Topos;25000;24;TST-31-37
TST-ROD-CANDONGA-1538;CANDONGA RODIO PRUEBA TST-ROD-CANDONGA-1538;Candongas;59000;25;TST-31-38
TST-ROD-EARCUFF-1539;EARCUFF RODIO PRUEBA TST-ROD-EARCUFF-1539;Earcuff;93000;26;TST-31-39
TST-ROD-CADENA-1540;CADENA RODIO PRUEBA TST-ROD-CADENA-1540;Cadenas;127000;0;TST-31-40
TST-ROD-DIJE-1541;DIJE RODIO PRUEBA TST-ROD-DIJE-1541;Dijes;161000;28;TST-31-41
TST-ROD-COLLAR-1542;COLLAR RODIO PRUEBA TST-ROD-COLLAR-1542;Collares;27000;29;TST-31-42
TST-ROD-ANILLO-1543;ANILLO RODIO PRUEBA TST-ROD-ANILLO-1543;Anillos;61000;30;TST-31-43
TST-ROD-PULSERA-1544;PULSERA RODIO PRUEBA TST-ROD-PULSERA-1544;Pulseras;95000;31;TST-31-44
TST-ROD-TOBILLERA-1545;TOBILLERA RODIO PRUEBA TST-ROD-TOBILLERA-1545;Tobilleras;129000;32;TST-31-45
TST-ROD-BALIN-1546;BALIN RODIO PRUEBA TST-ROD-BALIN-1546;Balines;163000;33;TST-31-46
TST-ROD-HERRAJE-1547;HERRAJE RODIO PRUEBA TST-ROD-HERRAJE-1547;Herrajes;29000;3;TST-31-47
TST-ROD-BARRIL-1548;BARRIL RODIO PRUEBA TST-ROD-BARRIL-1548;Barriles;63000;35;TST-31-48
TST-LAM-TOPO-1549;TOPO LAMINADO PRUEBA TST-LAM-TOPO-1549;Topos;97000;36;TST-31-49
TST-LAM-CANDONGA-1550;CANDONGA LAMINADO PRUEBA TST-LAM-CANDONGA-1550;Candongas;131000;0;TST-31-50
TST-LAM-EARCUFF-1551;EARCUFF LAMINADO PRUEBA TST-LAM-EARCUFF-1551;Earcuff;165000;38;TST-32-01
TST-LAM-CADENA-1552;CADENA LAMINADO PRUEBA TST-LAM-CADENA-1552;Cadenas;31000;39;TST-32-02
TST-LAM-DIJE-1553;DIJE LAMINADO PRUEBA TST-LAM-DIJE-1553;Dijes;65000;40;TST-32-03
TST-LAM-COLLAR-1554;COLLAR LAMINADO PRUEBA TST-LAM-COLLAR-1554;Collares;99000;1;TST-32-04
TST-LAM-ANILLO-1555;ANILLO LAMINADO PRUEBA TST-LAM-ANILLO-1555;Anillos;133000;5;TST-32-05
TST-LAM-PULSERA-1556;PULSERA LAMINADO PRUEBA TST-LAM-PULSERA-1556;Pulseras;167000;6;TST-32-06
TST-LAM-TOBILLERA-1557;TOBILLERA LAMINADO PRUEBA TST-LAM-TOBILLERA-1557;Tobilleras;33000;7;TST-32-07
TST-LAM-BALIN-1558;BALIN LAMINADO PRUEBA TST-LAM-BALIN-1558;Balines;67000;8;TST-32-08
TST-LAM-HERRAJE-1559;HERRAJE LAMINADO PRUEBA TST-LAM-HERRAJE-1559;Herrajes;101000;9;TST-32-09
TST-LAM-BARRIL-1560;BARRIL LAMINADO PRUEBA TST-LAM-BARRIL-1560;Barriles;135000;0;TST-32-10
TST-PLA-TOPO-1561;TOPO PLATA PRUEBA TST-PLA-TOPO-1561;Topos;169000;2;TST-32-11
TST-PLA-CANDONGA-1562;CANDONGA PLATA PRUEBA TST-PLA-CANDONGA-1562;Candongas;35000;12;TST-32-12
TST-PLA-EARCUFF-1563;EARCUFF PLATA PRUEBA TST-PLA-EARCUFF-1563;Earcuff;69000;13;TST-32-13
TST-PLA-CADENA-1564;CADENA PLATA PRUEBA TST-PLA-CADENA-1564;Cadenas;103000;14;TST-32-14
TST-PLA-DIJE-1565;DIJE PLATA PRUEBA TST-PLA-DIJE-1565;Dijes;137000;15;TST-32-15
TST-PLA-COLLAR-1566;COLLAR PLATA PRUEBA TST-PLA-COLLAR-1566;Collares;171000;16;TST-32-16
TST-PLA-ANILLO-1567;ANILLO PLATA PRUEBA TST-PLA-ANILLO-1567;Anillos;37000;17;TST-32-17
TST-PLA-PULSERA-1568;PULSERA PLATA PRUEBA TST-PLA-PULSERA-1568;Pulseras;71000;3;TST-32-18
TST-PLA-TOBILLERA-1569;TOBILLERA PLATA PRUEBA TST-PLA-TOBILLERA-1569;Tobilleras;105000;19;TST-32-19
TST-PLA-BALIN-1570;BALIN PLATA PRUEBA TST-PLA-BALIN-1570;Balines;139000;0;TST-32-20
TST-PLA-HERRAJE-1571;HERRAJE PLATA PRUEBA TST-PLA-HERRAJE-1571;Herrajes;173000;21;TST-32-21
TST-PLA-BARRIL-1572;BARRIL PLATA PRUEBA TST-PLA-BARRIL-1572;Barriles;39000;22;TST-32-22
TST-ROD-TOPO-1573;TOPO RODIO PRUEBA TST-ROD-TOPO-1573;Topos;73000;23;TST-32-23
TST-ROD-CANDONGA-1574;CANDONGA RODIO PRUEBA TST-ROD-CANDONGA-1574;Candongas;107000;24;TST-32-24
TST-ROD-EARCUFF-1575;EARCUFF RODIO PRUEBA TST-ROD-EARCUFF-1575;Earcuff;141000;1;TST-32-25
TST-ROD-CADENA-1576;CADENA RODIO PRUEBA TST-ROD-CADENA-1576;Cadenas;175000;26;TST-32-26
TST-ROD-DIJE-1577;DIJE RODIO PRUEBA TST-ROD-DIJE-1577;Dijes;41000;27;TST-32-27
TST-ROD-COLLAR-1578;COLLAR RODIO PRUEBA TST-ROD-COLLAR-1578;Collares;75000;28;TST-32-28
TST-ROD-ANILLO-1579;ANILLO RODIO PRUEBA TST-ROD-ANILLO-1579;Anillos;109000;29;TST-32-29
TST-ROD-PULSERA-1580;PULSERA RODIO PRUEBA TST-ROD-PULSERA-1580;Pulseras;143000;0;TST-32-30
TST-ROD-TOBILLERA-1581;TOBILLERA RODIO PRUEBA TST-ROD-TOBILLERA-1581;Tobilleras;177000;31;TST-32-31
TST-ROD-BALIN-1582;BALIN RODIO PRUEBA TST-ROD-BALIN-1582;Balines;43000;2;TST-32-32
TST-ROD-HERRAJE-1583;HERRAJE RODIO PRUEBA TST-ROD-HERRAJE-1583;Herrajes;77000;33;TST-32-33
TST-ROD-BARRIL-1584;BARRIL RODIO PRUEBA TST-ROD-BARRIL-1584;Barriles;111000;34;TST-32-34
TST-LAM-TOPO-1585;TOPO LAMINADO PRUEBA TST-LAM-TOPO-1585;Topos;145000;35;TST-32-35
TST-LAM-CANDONGA-1586;CANDONGA LAMINADO PRUEBA TST-LAM-CANDONGA-1586;Candongas;179000;36;TST-32-36
TST-LAM-EARCUFF-1587;EARCUFF LAMINADO PRUEBA TST-LAM-EARCUFF-1587;Earcuff;45000;37;TST-32-37
TST-LAM-CADENA-1588;CADENA LAMINADO PRUEBA TST-LAM-CADENA-1588;Cadenas;79000;38;TST-32-38
TST-LAM-DIJE-1589;DIJE LAMINADO PRUEBA TST-LAM-DIJE-1589;Dijes;113000;3;TST-32-39
TST-LAM-COLLAR-1590;COLLAR LAMINADO PRUEBA TST-LAM-COLLAR-1590;Collares;147000;0;TST-32-40
TST-LAM-ANILLO-1591;ANILLO LAMINADO PRUEBA TST-LAM-ANILLO-1591;Anillos;181000;4;TST-32-41
TST-LAM-PULSERA-1592;PULSERA LAMINADO PRUEBA TST-LAM-PULSERA-1592;Pulseras;47000;5;TST-32-42
TST-LAM-TOBILLERA-1593;TOBILLERA LAMINADO PRUEBA TST-LAM-TOBILLERA-1593;Tobilleras;81000;6;TST-32-43
TST-LAM-BALIN-1594;BALIN LAMINADO PRUEBA TST-LAM-BALIN-1594;Balines;115000;7;TST-32-44
TST-LAM-HERRAJE-1595;HERRAJE LAMINADO PRUEBA TST-LAM-HERRAJE-1595;Herrajes;149000;8;TST-32-45
TST-LAM-BARRIL-1596;BARRIL LAMINADO PRUEBA TST-LAM-BARRIL-1596;Barriles;15000;1;TST-32-46
TST-PLA-TOPO-1597;TOPO PLATA PRUEBA TST-PLA-TOPO-1597;Topos;49000;10;TST-32-47
TST-PLA-CANDONGA-1598;CANDONGA PLATA PRUEBA TST-PLA-CANDONGA-1598;Candongas;83000;11;TST-32-48
TST-PLA-EARCUFF-1599;EARCUFF PLATA PRUEBA TST-PLA-EARCUFF-1599;Earcuff;117000;12;TST-32-49
TST-PLA-CADENA-1600;CADENA PLATA PRUEBA TST-PLA-CADENA-1600;Cadenas;151000;0;TST-32-50
TST-PLA-DIJE-1601;DIJE PLATA PRUEBA TST-PLA-DIJE-1601;Dijes;17000;14;TST-33-01
TST-PLA-COLLAR-1602;COLLAR PLATA PRUEBA TST-PLA-COLLAR-1602;Collares;51000;15;TST-33-02
TST-PLA-ANILLO-1603;ANILLO PLATA PRUEBA TST-PLA-ANILLO-1603;Anillos;85000;2;TST-33-03
TST-PLA-PULSERA-1604;PULSERA PLATA PRUEBA TST-PLA-PULSERA-1604;Pulseras;119000;17;TST-33-04
TST-PLA-TOBILLERA-1605;TOBILLERA PLATA PRUEBA TST-PLA-TOBILLERA-1605;Tobilleras;153000;18;TST-33-05
TST-PLA-BALIN-1606;BALIN PLATA PRUEBA TST-PLA-BALIN-1606;Balines;19000;19;TST-33-06
TST-PLA-HERRAJE-1607;HERRAJE PLATA PRUEBA TST-PLA-HERRAJE-1607;Herrajes;53000;20;TST-33-07
TST-PLA-BARRIL-1608;BARRIL PLATA PRUEBA TST-PLA-BARRIL-1608;Barriles;87000;21;TST-33-08
TST-ROD-TOPO-1609;TOPO RODIO PRUEBA TST-ROD-TOPO-1609;Topos;121000;22;TST-33-09
TST-ROD-CANDONGA-1610;CANDONGA RODIO PRUEBA TST-ROD-CANDONGA-1610;Candongas;155000;0;TST-33-10
TST-ROD-EARCUFF-1611;EARCUFF RODIO PRUEBA TST-ROD-EARCUFF-1611;Earcuff;21000;24;TST-33-11
TST-ROD-CADENA-1612;CADENA RODIO PRUEBA TST-ROD-CADENA-1612;Cadenas;55000;25;TST-33-12
TST-ROD-DIJE-1613;DIJE RODIO PRUEBA TST-ROD-DIJE-1613;Dijes;89000;26;TST-33-13
TST-ROD-COLLAR-1614;COLLAR RODIO PRUEBA TST-ROD-COLLAR-1614;Collares;123000;27;TST-33-14
TST-ROD-ANILLO-1615;ANILLO RODIO PRUEBA TST-ROD-ANILLO-1615;Anillos;157000;28;TST-33-15
TST-ROD-PULSERA-1616;PULSERA RODIO PRUEBA TST-ROD-PULSERA-1616;Pulseras;23000;29;TST-33-16
TST-ROD-TOBILLERA-1617;TOBILLERA RODIO PRUEBA TST-ROD-TOBILLERA-1617;Tobilleras;57000;1;TST-33-17
TST-ROD-BALIN-1618;BALIN RODIO PRUEBA TST-ROD-BALIN-1618;Balines;91000;31;TST-33-18
TST-ROD-HERRAJE-1619;HERRAJE RODIO PRUEBA TST-ROD-HERRAJE-1619;Herrajes;125000;32;TST-33-19
TST-ROD-BARRIL-1620;BARRIL RODIO PRUEBA TST-ROD-BARRIL-1620;Barriles;159000;0;TST-33-20
TST-LAM-TOPO-1621;TOPO LAMINADO PRUEBA TST-LAM-TOPO-1621;Topos;25000;34;TST-33-21
TST-LAM-CANDONGA-1622;CANDONGA LAMINADO PRUEBA TST-LAM-CANDONGA-1622;Candongas;59000;35;TST-33-22
TST-LAM-EARCUFF-1623;EARCUFF LAMINADO PRUEBA TST-LAM-EARCUFF-1623;Earcuff;93000;36;TST-33-23
TST-LAM-CADENA-1624;CADENA LAMINADO PRUEBA TST-LAM-CADENA-1624;Cadenas;127000;2;TST-33-24
TST-LAM-DIJE-1625;DIJE LAMINADO PRUEBA TST-LAM-DIJE-1625;Dijes;161000;38;TST-33-25
TST-LAM-COLLAR-1626;COLLAR LAMINADO PRUEBA TST-LAM-COLLAR-1626;Collares;27000;39;TST-33-26
TST-LAM-ANILLO-1627;ANILLO LAMINADO PRUEBA TST-LAM-ANILLO-1627;Anillos;61000;40;TST-33-27
TST-LAM-PULSERA-1628;PULSERA LAMINADO PRUEBA TST-LAM-PULSERA-1628;Pulseras;95000;4;TST-33-28
TST-LAM-TOBILLERA-1629;TOBILLERA LAMINADO PRUEBA TST-LAM-TOBILLERA-1629;Tobilleras;129000;5;TST-33-29
TST-LAM-BALIN-1630;BALIN LAMINADO PRUEBA TST-LAM-BALIN-1630;Balines;163000;0;TST-33-30
TST-LAM-HERRAJE-1631;HERRAJE LAMINADO PRUEBA TST-LAM-HERRAJE-1631;Herrajes;29000;3;TST-33-31
TST-LAM-BARRIL-1632;BARRIL LAMINADO PRUEBA TST-LAM-BARRIL-1632;Barriles;63000;8;TST-33-32
TST-PLA-TOPO-1633;TOPO PLATA PRUEBA TST-PLA-TOPO-1633;Topos;97000;9;TST-33-33
TST-PLA-CANDONGA-1634;CANDONGA PLATA PRUEBA TST-PLA-CANDONGA-1634;Candongas;131000;10;TST-33-34
TST-PLA-EARCUFF-1635;EARCUFF PLATA PRUEBA TST-PLA-EARCUFF-1635;Earcuff;165000;11;TST-33-35
TST-PLA-CADENA-1636;CADENA PLATA PRUEBA TST-PLA-CADENA-1636;Cadenas;31000;12;TST-33-36
TST-PLA-DIJE-1637;DIJE PLATA PRUEBA TST-PLA-DIJE-1637;Dijes;65000;13;TST-33-37
TST-PLA-COLLAR-1638;COLLAR PLATA PRUEBA TST-PLA-COLLAR-1638;Collares;99000;1;TST-33-38
TST-PLA-ANILLO-1639;ANILLO PLATA PRUEBA TST-PLA-ANILLO-1639;Anillos;133000;15;TST-33-39
TST-PLA-PULSERA-1640;PULSERA PLATA PRUEBA TST-PLA-PULSERA-1640;Pulseras;167000;0;TST-33-40
TST-PLA-TOBILLERA-1641;TOBILLERA PLATA PRUEBA TST-PLA-TOBILLERA-1641;Tobilleras;33000;17;TST-33-41
TST-PLA-BALIN-1642;BALIN PLATA PRUEBA TST-PLA-BALIN-1642;Balines;67000;18;TST-33-42
TST-PLA-HERRAJE-1643;HERRAJE PLATA PRUEBA TST-PLA-HERRAJE-1643;Herrajes;101000;19;TST-33-43
TST-PLA-BARRIL-1644;BARRIL PLATA PRUEBA TST-PLA-BARRIL-1644;Barriles;135000;20;TST-33-44
TST-ROD-TOPO-1645;TOPO RODIO PRUEBA TST-ROD-TOPO-1645;Topos;169000;2;TST-33-45
TST-ROD-CANDONGA-1646;CANDONGA RODIO PRUEBA TST-ROD-CANDONGA-1646;Candongas;35000;22;TST-33-46
TST-ROD-EARCUFF-1647;EARCUFF RODIO PRUEBA TST-ROD-EARCUFF-1647;Earcuff;69000;23;TST-33-47
TST-ROD-CADENA-1648;CADENA RODIO PRUEBA TST-ROD-CADENA-1648;Cadenas;103000;24;TST-33-48
TST-ROD-DIJE-1649;DIJE RODIO PRUEBA TST-ROD-DIJE-1649;Dijes;137000;25;TST-33-49
TST-ROD-COLLAR-1650;COLLAR RODIO PRUEBA TST-ROD-COLLAR-1650;Collares;171000;0;TST-33-50
TST-ROD-ANILLO-1651;ANILLO RODIO PRUEBA TST-ROD-ANILLO-1651;Anillos;37000;27;TST-34-01
TST-ROD-PULSERA-1652;PULSERA RODIO PRUEBA TST-ROD-PULSERA-1652;Pulseras;71000;3;TST-34-02
TST-ROD-TOBILLERA-1653;TOBILLERA RODIO PRUEBA TST-ROD-TOBILLERA-1653;Tobilleras;105000;29;TST-34-03
TST-ROD-BALIN-1654;BALIN RODIO PRUEBA TST-ROD-BALIN-1654;Balines;139000;30;TST-34-04
TST-ROD-HERRAJE-1655;HERRAJE RODIO PRUEBA TST-ROD-HERRAJE-1655;Herrajes;173000;31;TST-34-05
TST-ROD-BARRIL-1656;BARRIL RODIO PRUEBA TST-ROD-BARRIL-1656;Barriles;39000;32;TST-34-06
TST-LAM-TOPO-1657;TOPO LAMINADO PRUEBA TST-LAM-TOPO-1657;Topos;73000;33;TST-34-07
TST-LAM-CANDONGA-1658;CANDONGA LAMINADO PRUEBA TST-LAM-CANDONGA-1658;Candongas;107000;34;TST-34-08
TST-LAM-EARCUFF-1659;EARCUFF LAMINADO PRUEBA TST-LAM-EARCUFF-1659;Earcuff;141000;1;TST-34-09
TST-LAM-CADENA-1660;CADENA LAMINADO PRUEBA TST-LAM-CADENA-1660;Cadenas;175000;0;TST-34-10
TST-LAM-DIJE-1661;DIJE LAMINADO PRUEBA TST-LAM-DIJE-1661;Dijes;41000;37;TST-34-11
TST-LAM-COLLAR-1662;COLLAR LAMINADO PRUEBA TST-LAM-COLLAR-1662;Collares;75000;38;TST-34-12
TST-LAM-ANILLO-1663;ANILLO LAMINADO PRUEBA TST-LAM-ANILLO-1663;Anillos;109000;39;TST-34-13
TST-LAM-PULSERA-1664;PULSERA LAMINADO PRUEBA TST-LAM-PULSERA-1664;Pulseras;143000;40;TST-34-14
TST-LAM-TOBILLERA-1665;TOBILLERA LAMINADO PRUEBA TST-LAM-TOBILLERA-1665;Tobilleras;177000;4;TST-34-15
TST-LAM-BALIN-1666;BALIN LAMINADO PRUEBA TST-LAM-BALIN-1666;Balines;43000;2;TST-34-16
TST-LAM-HERRAJE-1667;HERRAJE LAMINADO PRUEBA TST-LAM-HERRAJE-1667;Herrajes;77000;6;TST-34-17
TST-LAM-BARRIL-1668;BARRIL LAMINADO PRUEBA TST-LAM-BARRIL-1668;Barriles;111000;7;TST-34-18
TST-PLA-TOPO-1669;TOPO PLATA PRUEBA TST-PLA-TOPO-1669;Topos;145000;8;TST-34-19
TST-PLA-CANDONGA-1670;CANDONGA PLATA PRUEBA TST-PLA-CANDONGA-1670;Candongas;179000;0;TST-34-20
TST-PLA-EARCUFF-1671;EARCUFF PLATA PRUEBA TST-PLA-EARCUFF-1671;Earcuff;45000;10;TST-34-21
TST-PLA-CADENA-1672;CADENA PLATA PRUEBA TST-PLA-CADENA-1672;Cadenas;79000;11;TST-34-22
TST-PLA-DIJE-1673;DIJE PLATA PRUEBA TST-PLA-DIJE-1673;Dijes;113000;3;TST-34-23
TST-PLA-COLLAR-1674;COLLAR PLATA PRUEBA TST-PLA-COLLAR-1674;Collares;147000;13;TST-34-24
TST-PLA-ANILLO-1675;ANILLO PLATA PRUEBA TST-PLA-ANILLO-1675;Anillos;181000;14;TST-34-25
TST-PLA-PULSERA-1676;PULSERA PLATA PRUEBA TST-PLA-PULSERA-1676;Pulseras;47000;15;TST-34-26
TST-PLA-TOBILLERA-1677;TOBILLERA PLATA PRUEBA TST-PLA-TOBILLERA-1677;Tobilleras;81000;16;TST-34-27
TST-PLA-BALIN-1678;BALIN PLATA PRUEBA TST-PLA-BALIN-1678;Balines;115000;17;TST-34-28
TST-PLA-HERRAJE-1679;HERRAJE PLATA PRUEBA TST-PLA-HERRAJE-1679;Herrajes;149000;18;TST-34-29
TST-PLA-BARRIL-1680;BARRIL PLATA PRUEBA TST-PLA-BARRIL-1680;Barriles;15000;0;TST-34-30
TST-ROD-TOPO-1681;TOPO RODIO PRUEBA TST-ROD-TOPO-1681;Topos;49000;20;TST-34-31
TST-ROD-CANDONGA-1682;CANDONGA RODIO PRUEBA TST-ROD-CANDONGA-1682;Candongas;83000;21;TST-34-32
TST-ROD-EARCUFF-1683;EARCUFF RODIO PRUEBA TST-ROD-EARCUFF-1683;Earcuff;117000;22;TST-34-33
TST-ROD-CADENA-1684;CADENA RODIO PRUEBA TST-ROD-CADENA-1684;Cadenas;151000;23;TST-34-34
TST-ROD-DIJE-1685;DIJE RODIO PRUEBA TST-ROD-DIJE-1685;Dijes;17000;24;TST-34-35
TST-ROD-COLLAR-1686;COLLAR RODIO PRUEBA TST-ROD-COLLAR-1686;Collares;51000;25;TST-34-36
TST-ROD-ANILLO-1687;ANILLO RODIO PRUEBA TST-ROD-ANILLO-1687;Anillos;85000;2;TST-34-37
TST-ROD-PULSERA-1688;PULSERA RODIO PRUEBA TST-ROD-PULSERA-1688;Pulseras;119000;27;TST-34-38
TST-ROD-TOBILLERA-1689;TOBILLERA RODIO PRUEBA TST-ROD-TOBILLERA-1689;Tobilleras;153000;28;TST-34-39
TST-ROD-BALIN-1690;BALIN RODIO PRUEBA TST-ROD-BALIN-1690;Balines;19000;0;TST-34-40
TST-ROD-HERRAJE-1691;HERRAJE RODIO PRUEBA TST-ROD-HERRAJE-1691;Herrajes;53000;30;TST-34-41
TST-ROD-BARRIL-1692;BARRIL RODIO PRUEBA TST-ROD-BARRIL-1692;Barriles;87000;31;TST-34-42
TST-LAM-TOPO-1693;TOPO LAMINADO PRUEBA TST-LAM-TOPO-1693;Topos;121000;32;TST-34-43
TST-LAM-CANDONGA-1694;CANDONGA LAMINADO PRUEBA TST-LAM-CANDONGA-1694;Candongas;155000;3;TST-34-44
TST-LAM-EARCUFF-1695;EARCUFF LAMINADO PRUEBA TST-LAM-EARCUFF-1695;Earcuff;21000;34;TST-34-45
TST-LAM-CADENA-1696;CADENA LAMINADO PRUEBA TST-LAM-CADENA-1696;Cadenas;55000;35;TST-34-46
TST-LAM-DIJE-1697;DIJE LAMINADO PRUEBA TST-LAM-DIJE-1697;Dijes;89000;36;TST-34-47
TST-LAM-COLLAR-1698;COLLAR LAMINADO PRUEBA TST-LAM-COLLAR-1698;Collares;123000;37;TST-34-48
TST-LAM-ANILLO-1699;ANILLO LAMINADO PRUEBA TST-LAM-ANILLO-1699;Anillos;157000;38;TST-34-49
TST-LAM-PULSERA-1700;PULSERA LAMINADO PRUEBA TST-LAM-PULSERA-1700;Pulseras;23000;0;TST-34-50
TST-LAM-TOBILLERA-1701;TOBILLERA LAMINADO PRUEBA TST-LAM-TOBILLERA-1701;Tobilleras;57000;1;TST-35-01
TST-LAM-BALIN-1702;BALIN LAMINADO PRUEBA TST-LAM-BALIN-1702;Balines;91000;4;TST-35-02
TST-LAM-HERRAJE-1703;HERRAJE LAMINADO PRUEBA TST-LAM-HERRAJE-1703;Herrajes;125000;5;TST-35-03
TST-LAM-BARRIL-1704;BARRIL LAMINADO PRUEBA TST-LAM-BARRIL-1704;Barriles;159000;6;TST-35-04
TST-PLA-TOPO-1705;TOPO PLATA PRUEBA TST-PLA-TOPO-1705;Topos;25000;7;TST-35-05
TST-PLA-CANDONGA-1706;CANDONGA PLATA PRUEBA TST-PLA-CANDONGA-1706;Candongas;59000;8;TST-35-06
TST-PLA-EARCUFF-1707;EARCUFF PLATA PRUEBA TST-PLA-EARCUFF-1707;Earcuff;93000;9;TST-35-07
TST-PLA-CADENA-1708;CADENA PLATA PRUEBA TST-PLA-CADENA-1708;Cadenas;127000;2;TST-35-08
TST-PLA-DIJE-1709;DIJE PLATA PRUEBA TST-PLA-DIJE-1709;Dijes;161000;11;TST-35-09
TST-PLA-COLLAR-1710;COLLAR PLATA PRUEBA TST-PLA-COLLAR-1710;Collares;27000;0;TST-35-10
TST-PLA-ANILLO-1711;ANILLO PLATA PRUEBA TST-PLA-ANILLO-1711;Anillos;61000;13;TST-35-11
TST-PLA-PULSERA-1712;PULSERA PLATA PRUEBA TST-PLA-PULSERA-1712;Pulseras;95000;14;TST-35-12
TST-PLA-TOBILLERA-1713;TOBILLERA PLATA PRUEBA TST-PLA-TOBILLERA-1713;Tobilleras;129000;15;TST-35-13
TST-PLA-BALIN-1714;BALIN PLATA PRUEBA TST-PLA-BALIN-1714;Balines;163000;16;TST-35-14
TST-PLA-HERRAJE-1715;HERRAJE PLATA PRUEBA TST-PLA-HERRAJE-1715;Herrajes;29000;3;TST-35-15
TST-PLA-BARRIL-1716;BARRIL PLATA PRUEBA TST-PLA-BARRIL-1716;Barriles;63000;18;TST-35-16
TST-ROD-TOPO-1717;TOPO RODIO PRUEBA TST-ROD-TOPO-1717;Topos;97000;19;TST-35-17
TST-ROD-CANDONGA-1718;CANDONGA RODIO PRUEBA TST-ROD-CANDONGA-1718;Candongas;131000;20;TST-35-18
TST-ROD-EARCUFF-1719;EARCUFF RODIO PRUEBA TST-ROD-EARCUFF-1719;Earcuff;165000;21;TST-35-19
TST-ROD-CADENA-1720;CADENA RODIO PRUEBA TST-ROD-CADENA-1720;Cadenas;31000;0;TST-35-20
TST-ROD-DIJE-1721;DIJE RODIO PRUEBA TST-ROD-DIJE-1721;Dijes;65000;23;TST-35-21
TST-ROD-COLLAR-1722;COLLAR RODIO PRUEBA TST-ROD-COLLAR-1722;Collares;99000;1;TST-35-22
TST-ROD-ANILLO-1723;ANILLO RODIO PRUEBA TST-ROD-ANILLO-1723;Anillos;133000;25;TST-35-23
TST-ROD-PULSERA-1724;PULSERA RODIO PRUEBA TST-ROD-PULSERA-1724;Pulseras;167000;26;TST-35-24
TST-ROD-TOBILLERA-1725;TOBILLERA RODIO PRUEBA TST-ROD-TOBILLERA-1725;Tobilleras;33000;27;TST-35-25
TST-ROD-BALIN-1726;BALIN RODIO PRUEBA TST-ROD-BALIN-1726;Balines;67000;28;TST-35-26
TST-ROD-HERRAJE-1727;HERRAJE RODIO PRUEBA TST-ROD-HERRAJE-1727;Herrajes;101000;29;TST-35-27
TST-ROD-BARRIL-1728;BARRIL RODIO PRUEBA TST-ROD-BARRIL-1728;Barriles;135000;30;TST-35-28
TST-LAM-TOPO-1729;TOPO LAMINADO PRUEBA TST-LAM-TOPO-1729;Topos;169000;2;TST-35-29
TST-LAM-CANDONGA-1730;CANDONGA LAMINADO PRUEBA TST-LAM-CANDONGA-1730;Candongas;35000;0;TST-35-30
TST-LAM-EARCUFF-1731;EARCUFF LAMINADO PRUEBA TST-LAM-EARCUFF-1731;Earcuff;69000;33;TST-35-31
TST-LAM-CADENA-1732;CADENA LAMINADO PRUEBA TST-LAM-CADENA-1732;Cadenas;103000;34;TST-35-32
TST-LAM-DIJE-1733;DIJE LAMINADO PRUEBA TST-LAM-DIJE-1733;Dijes;137000;35;TST-35-33
TST-LAM-COLLAR-1734;COLLAR LAMINADO PRUEBA TST-LAM-COLLAR-1734;Collares;171000;36;TST-35-34
TST-LAM-ANILLO-1735;ANILLO LAMINADO PRUEBA TST-LAM-ANILLO-1735;Anillos;37000;37;TST-35-35
TST-LAM-PULSERA-1736;PULSERA LAMINADO PRUEBA TST-LAM-PULSERA-1736;Pulseras;71000;3;TST-35-36
TST-LAM-TOBILLERA-1737;TOBILLERA LAMINADO PRUEBA TST-LAM-TOBILLERA-1737;Tobilleras;105000;39;TST-35-37
TST-LAM-BALIN-1738;BALIN LAMINADO PRUEBA TST-LAM-BALIN-1738;Balines;139000;40;TST-35-38
TST-LAM-HERRAJE-1739;HERRAJE LAMINADO PRUEBA TST-LAM-HERRAJE-1739;Herrajes;173000;4;TST-35-39
TST-LAM-BARRIL-1740;BARRIL LAMINADO PRUEBA TST-LAM-BARRIL-1740;Barriles;39000;0;TST-35-40
TST-PLA-TOPO-1741;TOPO PLATA PRUEBA TST-PLA-TOPO-1741;Topos;73000;6;TST-35-41
TST-PLA-CANDONGA-1742;CANDONGA PLATA PRUEBA TST-PLA-CANDONGA-1742;Candongas;107000;7;TST-35-42
TST-PLA-EARCUFF-1743;EARCUFF PLATA PRUEBA TST-PLA-EARCUFF-1743;Earcuff;141000;1;TST-35-43
TST-PLA-CADENA-1744;CADENA PLATA PRUEBA TST-PLA-CADENA-1744;Cadenas;175000;9;TST-35-44
TST-PLA-DIJE-1745;DIJE PLATA PRUEBA TST-PLA-DIJE-1745;Dijes;41000;10;TST-35-45
TST-PLA-COLLAR-1746;COLLAR PLATA PRUEBA TST-PLA-COLLAR-1746;Collares;75000;11;TST-35-46
TST-PLA-ANILLO-1747;ANILLO PLATA PRUEBA TST-PLA-ANILLO-1747;Anillos;109000;12;TST-35-47
TST-PLA-PULSERA-1748;PULSERA PLATA PRUEBA TST-PLA-PULSERA-1748;Pulseras;143000;13;TST-35-48
TST-PLA-TOBILLERA-1749;TOBILLERA PLATA PRUEBA TST-PLA-TOBILLERA-1749;Tobilleras;177000;14;TST-35-49
TST-PLA-BALIN-1750;BALIN PLATA PRUEBA TST-PLA-BALIN-1750;Balines;43000;0;TST-35-50
TST-PLA-HERRAJE-1751;HERRAJE PLATA PRUEBA TST-PLA-HERRAJE-1751;Herrajes;77000;16;TST-36-01
TST-PLA-BARRIL-1752;BARRIL PLATA PRUEBA TST-PLA-BARRIL-1752;Barriles;111000;17;TST-36-02
TST-ROD-TOPO-1753;TOPO RODIO PRUEBA TST-ROD-TOPO-1753;Topos;145000;18;TST-36-03
TST-ROD-CANDONGA-1754;CANDONGA RODIO PRUEBA TST-ROD-CANDONGA-1754;Candongas;179000;19;TST-36-04
TST-ROD-EARCUFF-1755;EARCUFF RODIO PRUEBA TST-ROD-EARCUFF-1755;Earcuff;45000;20;TST-36-05
TST-ROD-CADENA-1756;CADENA RODIO PRUEBA TST-ROD-CADENA-1756;Cadenas;79000;21;TST-36-06
TST-ROD-DIJE-1757;DIJE RODIO PRUEBA TST-ROD-DIJE-1757;Dijes;113000;3;TST-36-07
TST-ROD-COLLAR-1758;COLLAR RODIO PRUEBA TST-ROD-COLLAR-1758;Collares;147000;23;TST-36-08
TST-ROD-ANILLO-1759;ANILLO RODIO PRUEBA TST-ROD-ANILLO-1759;Anillos;181000;24;TST-36-09
TST-ROD-PULSERA-1760;PULSERA RODIO PRUEBA TST-ROD-PULSERA-1760;Pulseras;47000;0;TST-36-10
TST-ROD-TOBILLERA-1761;TOBILLERA RODIO PRUEBA TST-ROD-TOBILLERA-1761;Tobilleras;81000;26;TST-36-11
TST-ROD-BALIN-1762;BALIN RODIO PRUEBA TST-ROD-BALIN-1762;Balines;115000;27;TST-36-12
TST-ROD-HERRAJE-1763;HERRAJE RODIO PRUEBA TST-ROD-HERRAJE-1763;Herrajes;149000;28;TST-36-13
TST-ROD-BARRIL-1764;BARRIL RODIO PRUEBA TST-ROD-BARRIL-1764;Barriles;15000;1;TST-36-14
TST-LAM-TOPO-1765;TOPO LAMINADO PRUEBA TST-LAM-TOPO-1765;Topos;49000;30;TST-36-15
TST-LAM-CANDONGA-1766;CANDONGA LAMINADO PRUEBA TST-LAM-CANDONGA-1766;Candongas;83000;31;TST-36-16
TST-LAM-EARCUFF-1767;EARCUFF LAMINADO PRUEBA TST-LAM-EARCUFF-1767;Earcuff;117000;32;TST-36-17
TST-LAM-CADENA-1768;CADENA LAMINADO PRUEBA TST-LAM-CADENA-1768;Cadenas;151000;33;TST-36-18
TST-LAM-DIJE-1769;DIJE LAMINADO PRUEBA TST-LAM-DIJE-1769;Dijes;17000;34;TST-36-19
TST-LAM-COLLAR-1770;COLLAR LAMINADO PRUEBA TST-LAM-COLLAR-1770;Collares;51000;0;TST-36-20
TST-LAM-ANILLO-1771;ANILLO LAMINADO PRUEBA TST-LAM-ANILLO-1771;Anillos;85000;2;TST-36-21
TST-LAM-PULSERA-1772;PULSERA LAMINADO PRUEBA TST-LAM-PULSERA-1772;Pulseras;119000;37;TST-36-22
TST-LAM-TOBILLERA-1773;TOBILLERA LAMINADO PRUEBA TST-LAM-TOBILLERA-1773;Tobilleras;153000;38;TST-36-23
TST-LAM-BALIN-1774;BALIN LAMINADO PRUEBA TST-LAM-BALIN-1774;Balines;19000;39;TST-36-24
TST-LAM-HERRAJE-1775;HERRAJE LAMINADO PRUEBA TST-LAM-HERRAJE-1775;Herrajes;53000;40;TST-36-25
TST-LAM-BARRIL-1776;BARRIL LAMINADO PRUEBA TST-LAM-BARRIL-1776;Barriles;87000;4;TST-36-26
TST-PLA-TOPO-1777;TOPO PLATA PRUEBA TST-PLA-TOPO-1777;Topos;121000;5;TST-36-27
TST-PLA-CANDONGA-1778;CANDONGA PLATA PRUEBA TST-PLA-CANDONGA-1778;Candongas;155000;3;TST-36-28
TST-PLA-EARCUFF-1779;EARCUFF PLATA PRUEBA TST-PLA-EARCUFF-1779;Earcuff;21000;7;TST-36-29
TST-PLA-CADENA-1780;CADENA PLATA PRUEBA TST-PLA-CADENA-1780;Cadenas;55000;0;TST-36-30
TST-PLA-DIJE-1781;DIJE PLATA PRUEBA TST-PLA-DIJE-1781;Dijes;89000;9;TST-36-31
TST-PLA-COLLAR-1782;COLLAR PLATA PRUEBA TST-PLA-COLLAR-1782;Collares;123000;10;TST-36-32
TST-PLA-ANILLO-1783;ANILLO PLATA PRUEBA TST-PLA-ANILLO-1783;Anillos;157000;11;TST-36-33
TST-PLA-PULSERA-1784;PULSERA PLATA PRUEBA TST-PLA-PULSERA-1784;Pulseras;23000;12;TST-36-34
TST-PLA-TOBILLERA-1785;TOBILLERA PLATA PRUEBA TST-PLA-TOBILLERA-1785;Tobilleras;57000;1;TST-36-35
TST-PLA-BALIN-1786;BALIN PLATA PRUEBA TST-PLA-BALIN-1786;Balines;91000;14;TST-36-36
TST-PLA-HERRAJE-1787;HERRAJE PLATA PRUEBA TST-PLA-HERRAJE-1787;Herrajes;125000;15;TST-36-37
TST-PLA-BARRIL-1788;BARRIL PLATA PRUEBA TST-PLA-BARRIL-1788;Barriles;159000;16;TST-36-38
TST-ROD-TOPO-1789;TOPO RODIO PRUEBA TST-ROD-TOPO-1789;Topos;25000;17;TST-36-39
TST-ROD-CANDONGA-1790;CANDONGA RODIO PRUEBA TST-ROD-CANDONGA-1790;Candongas;59000;0;TST-36-40
TST-ROD-EARCUFF-1791;EARCUFF RODIO PRUEBA TST-ROD-EARCUFF-1791;Earcuff;93000;19;TST-36-41
TST-ROD-CADENA-1792;CADENA RODIO PRUEBA TST-ROD-CADENA-1792;Cadenas;127000;2;TST-36-42
TST-ROD-DIJE-1793;DIJE RODIO PRUEBA TST-ROD-DIJE-1793;Dijes;161000;21;TST-36-43
TST-ROD-COLLAR-1794;COLLAR RODIO PRUEBA TST-ROD-COLLAR-1794;Collares;27000;22;TST-36-44
TST-ROD-ANILLO-1795;ANILLO RODIO PRUEBA TST-ROD-ANILLO-1795;Anillos;61000;23;TST-36-45
TST-ROD-PULSERA-1796;PULSERA RODIO PRUEBA TST-ROD-PULSERA-1796;Pulseras;95000;24;TST-36-46
TST-ROD-TOBILLERA-1797;TOBILLERA RODIO PRUEBA TST-ROD-TOBILLERA-1797;Tobilleras;129000;25;TST-36-47
TST-ROD-BALIN-1798;BALIN RODIO PRUEBA TST-ROD-BALIN-1798;Balines;163000;26;TST-36-48
TST-ROD-HERRAJE-1799;HERRAJE RODIO PRUEBA TST-ROD-HERRAJE-1799;Herrajes;29000;3;TST-36-49
TST-ROD-BARRIL-1800;BARRIL RODIO PRUEBA TST-ROD-BARRIL-1800;Barriles;63000;0;TST-36-50
TST-LAM-TOPO-1801;TOPO LAMINADO PRUEBA TST-LAM-TOPO-1801;Topos;97000;29;TST-37-01
TST-LAM-CANDONGA-1802;CANDONGA LAMINADO PRUEBA TST-LAM-CANDONGA-1802;Candongas;131000;30;TST-37-02
TST-LAM-EARCUFF-1803;EARCUFF LAMINADO PRUEBA TST-LAM-EARCUFF-1803;Earcuff;165000;31;TST-37-03
TST-LAM-CADENA-1804;CADENA LAMINADO PRUEBA TST-LAM-CADENA-1804;Cadenas;31000;32;TST-37-04
TST-LAM-DIJE-1805;DIJE LAMINADO PRUEBA TST-LAM-DIJE-1805;Dijes;65000;33;TST-37-05
TST-LAM-COLLAR-1806;COLLAR LAMINADO PRUEBA TST-LAM-COLLAR-1806;Collares;99000;1;TST-37-06
TST-LAM-ANILLO-1807;ANILLO LAMINADO PRUEBA TST-LAM-ANILLO-1807;Anillos;133000;35;TST-37-07
TST-LAM-PULSERA-1808;PULSERA LAMINADO PRUEBA TST-LAM-PULSERA-1808;Pulseras;167000;36;TST-37-08
TST-LAM-TOBILLERA-1809;TOBILLERA LAMINADO PRUEBA TST-LAM-TOBILLERA-1809;Tobilleras;33000;37;TST-37-09
TST-LAM-BALIN-1810;BALIN LAMINADO PRUEBA TST-LAM-BALIN-1810;Balines;67000;0;TST-37-10
TST-LAM-HERRAJE-1811;HERRAJE LAMINADO PRUEBA TST-LAM-HERRAJE-1811;Herrajes;101000;39;TST-37-11
TST-LAM-BARRIL-1812;BARRIL LAMINADO PRUEBA TST-LAM-BARRIL-1812;Barriles;135000;40;TST-37-12
TST-PLA-TOPO-1813;TOPO PLATA PRUEBA TST-PLA-TOPO-1813;Topos;169000;2;TST-37-13
TST-PLA-CANDONGA-1814;CANDONGA PLATA PRUEBA TST-PLA-CANDONGA-1814;Candongas;35000;5;TST-37-14
TST-PLA-EARCUFF-1815;EARCUFF PLATA PRUEBA TST-PLA-EARCUFF-1815;Earcuff;69000;6;TST-37-15
TST-PLA-CADENA-1816;CADENA PLATA PRUEBA TST-PLA-CADENA-1816;Cadenas;103000;7;TST-37-16
TST-PLA-DIJE-1817;DIJE PLATA PRUEBA TST-PLA-DIJE-1817;Dijes;137000;8;TST-37-17
TST-PLA-COLLAR-1818;COLLAR PLATA PRUEBA TST-PLA-COLLAR-1818;Collares;171000;9;TST-37-18
TST-PLA-ANILLO-1819;ANILLO PLATA PRUEBA TST-PLA-ANILLO-1819;Anillos;37000;10;TST-37-19
TST-PLA-PULSERA-1820;PULSERA PLATA PRUEBA TST-PLA-PULSERA-1820;Pulseras;71000;0;TST-37-20
TST-PLA-TOBILLERA-1821;TOBILLERA PLATA PRUEBA TST-PLA-TOBILLERA-1821;Tobilleras;105000;12;TST-37-21
TST-PLA-BALIN-1822;BALIN PLATA PRUEBA TST-PLA-BALIN-1822;Balines;139000;13;TST-37-22
TST-PLA-HERRAJE-1823;HERRAJE PLATA PRUEBA TST-PLA-HERRAJE-1823;Herrajes;173000;14;TST-37-23
TST-PLA-BARRIL-1824;BARRIL PLATA PRUEBA TST-PLA-BARRIL-1824;Barriles;39000;15;TST-37-24
TST-ROD-TOPO-1825;TOPO RODIO PRUEBA TST-ROD-TOPO-1825;Topos;73000;16;TST-37-25
TST-ROD-CANDONGA-1826;CANDONGA RODIO PRUEBA TST-ROD-CANDONGA-1826;Candongas;107000;17;TST-37-26
TST-ROD-EARCUFF-1827;EARCUFF RODIO PRUEBA TST-ROD-EARCUFF-1827;Earcuff;141000;1;TST-37-27
TST-ROD-CADENA-1828;CADENA RODIO PRUEBA TST-ROD-CADENA-1828;Cadenas;175000;19;TST-37-28
TST-ROD-DIJE-1829;DIJE RODIO PRUEBA TST-ROD-DIJE-1829;Dijes;41000;20;TST-37-29
TST-ROD-COLLAR-1830;COLLAR RODIO PRUEBA TST-ROD-COLLAR-1830;Collares;75000;0;TST-37-30
TST-ROD-ANILLO-1831;ANILLO RODIO PRUEBA TST-ROD-ANILLO-1831;Anillos;109000;22;TST-37-31
TST-ROD-PULSERA-1832;PULSERA RODIO PRUEBA TST-ROD-PULSERA-1832;Pulseras;143000;23;TST-37-32
TST-ROD-TOBILLERA-1833;TOBILLERA RODIO PRUEBA TST-ROD-TOBILLERA-1833;Tobilleras;177000;24;TST-37-33
TST-ROD-BALIN-1834;BALIN RODIO PRUEBA TST-ROD-BALIN-1834;Balines;43000;2;TST-37-34
TST-ROD-HERRAJE-1835;HERRAJE RODIO PRUEBA TST-ROD-HERRAJE-1835;Herrajes;77000;26;TST-37-35
TST-ROD-BARRIL-1836;BARRIL RODIO PRUEBA TST-ROD-BARRIL-1836;Barriles;111000;27;TST-37-36
TST-LAM-TOPO-1837;TOPO LAMINADO PRUEBA TST-LAM-TOPO-1837;Topos;145000;28;TST-37-37
TST-LAM-CANDONGA-1838;CANDONGA LAMINADO PRUEBA TST-LAM-CANDONGA-1838;Candongas;179000;29;TST-37-38
TST-LAM-EARCUFF-1839;EARCUFF LAMINADO PRUEBA TST-LAM-EARCUFF-1839;Earcuff;45000;30;TST-37-39
TST-LAM-CADENA-1840;CADENA LAMINADO PRUEBA TST-LAM-CADENA-1840;Cadenas;79000;0;TST-37-40
TST-LAM-DIJE-1841;DIJE LAMINADO PRUEBA TST-LAM-DIJE-1841;Dijes;113000;3;TST-37-41
TST-LAM-COLLAR-1842;COLLAR LAMINADO PRUEBA TST-LAM-COLLAR-1842;Collares;147000;33;TST-37-42
TST-LAM-ANILLO-1843;ANILLO LAMINADO PRUEBA TST-LAM-ANILLO-1843;Anillos;181000;34;TST-37-43
TST-LAM-PULSERA-1844;PULSERA LAMINADO PRUEBA TST-LAM-PULSERA-1844;Pulseras;47000;35;TST-37-44
TST-LAM-TOBILLERA-1845;TOBILLERA LAMINADO PRUEBA TST-LAM-TOBILLERA-1845;Tobilleras;81000;36;TST-37-45
TST-LAM-BALIN-1846;BALIN LAMINADO PRUEBA TST-LAM-BALIN-1846;Balines;115000;37;TST-37-46
TST-LAM-HERRAJE-1847;HERRAJE LAMINADO PRUEBA TST-LAM-HERRAJE-1847;Herrajes;149000;38;TST-37-47
TST-LAM-BARRIL-1848;BARRIL LAMINADO PRUEBA TST-LAM-BARRIL-1848;Barriles;15000;1;TST-37-48
TST-PLA-TOPO-1849;TOPO PLATA PRUEBA TST-PLA-TOPO-1849;Topos;49000;40;TST-37-49
TST-PLA-CANDONGA-1850;CANDONGA PLATA PRUEBA TST-PLA-CANDONGA-1850;Candongas;83000;0;TST-37-50
TST-PLA-EARCUFF-1851;EARCUFF PLATA PRUEBA TST-PLA-EARCUFF-1851;Earcuff;117000;5;TST-38-01
TST-PLA-CADENA-1852;CADENA PLATA PRUEBA TST-PLA-CADENA-1852;Cadenas;151000;6;TST-38-02
TST-PLA-DIJE-1853;DIJE PLATA PRUEBA TST-PLA-DIJE-1853;Dijes;17000;7;TST-38-03
TST-PLA-COLLAR-1854;COLLAR PLATA PRUEBA TST-PLA-COLLAR-1854;Collares;51000;8;TST-38-04
TST-PLA-ANILLO-1855;ANILLO PLATA PRUEBA TST-PLA-ANILLO-1855;Anillos;85000;2;TST-38-05
TST-PLA-PULSERA-1856;PULSERA PLATA PRUEBA TST-PLA-PULSERA-1856;Pulseras;119000;10;TST-38-06
TST-PLA-TOBILLERA-1857;TOBILLERA PLATA PRUEBA TST-PLA-TOBILLERA-1857;Tobilleras;153000;11;TST-38-07
TST-PLA-BALIN-1858;BALIN PLATA PRUEBA TST-PLA-BALIN-1858;Balines;19000;12;TST-38-08
TST-PLA-HERRAJE-1859;HERRAJE PLATA PRUEBA TST-PLA-HERRAJE-1859;Herrajes;53000;13;TST-38-09
TST-PLA-BARRIL-1860;BARRIL PLATA PRUEBA TST-PLA-BARRIL-1860;Barriles;87000;0;TST-38-10
TST-ROD-TOPO-1861;TOPO RODIO PRUEBA TST-ROD-TOPO-1861;Topos;121000;15;TST-38-11
TST-ROD-CANDONGA-1862;CANDONGA RODIO PRUEBA TST-ROD-CANDONGA-1862;Candongas;155000;3;TST-38-12
TST-ROD-EARCUFF-1863;EARCUFF RODIO PRUEBA TST-ROD-EARCUFF-1863;Earcuff;21000;17;TST-38-13
TST-ROD-CADENA-1864;CADENA RODIO PRUEBA TST-ROD-CADENA-1864;Cadenas;55000;18;TST-38-14
TST-ROD-DIJE-1865;DIJE RODIO PRUEBA TST-ROD-DIJE-1865;Dijes;89000;19;TST-38-15
TST-ROD-COLLAR-1866;COLLAR RODIO PRUEBA TST-ROD-COLLAR-1866;Collares;123000;20;TST-38-16
TST-ROD-ANILLO-1867;ANILLO RODIO PRUEBA TST-ROD-ANILLO-1867;Anillos;157000;21;TST-38-17
TST-ROD-PULSERA-1868;PULSERA RODIO PRUEBA TST-ROD-PULSERA-1868;Pulseras;23000;22;TST-38-18
TST-ROD-TOBILLERA-1869;TOBILLERA RODIO PRUEBA TST-ROD-TOBILLERA-1869;Tobilleras;57000;1;TST-38-19
TST-ROD-BALIN-1870;BALIN RODIO PRUEBA TST-ROD-BALIN-1870;Balines;91000;0;TST-38-20
TST-ROD-HERRAJE-1871;HERRAJE RODIO PRUEBA TST-ROD-HERRAJE-1871;Herrajes;125000;25;TST-38-21
TST-ROD-BARRIL-1872;BARRIL RODIO PRUEBA TST-ROD-BARRIL-1872;Barriles;159000;26;TST-38-22
TST-LAM-TOPO-1873;TOPO LAMINADO PRUEBA TST-LAM-TOPO-1873;Topos;25000;27;TST-38-23
TST-LAM-CANDONGA-1874;CANDONGA LAMINADO PRUEBA TST-LAM-CANDONGA-1874;Candongas;59000;28;TST-38-24
TST-LAM-EARCUFF-1875;EARCUFF LAMINADO PRUEBA TST-LAM-EARCUFF-1875;Earcuff;93000;29;TST-38-25
TST-LAM-CADENA-1876;CADENA LAMINADO PRUEBA TST-LAM-CADENA-1876;Cadenas;127000;2;TST-38-26
TST-LAM-DIJE-1877;DIJE LAMINADO PRUEBA TST-LAM-DIJE-1877;Dijes;161000;31;TST-38-27
TST-LAM-COLLAR-1878;COLLAR LAMINADO PRUEBA TST-LAM-COLLAR-1878;Collares;27000;32;TST-38-28
TST-LAM-ANILLO-1879;ANILLO LAMINADO PRUEBA TST-LAM-ANILLO-1879;Anillos;61000;33;TST-38-29
TST-LAM-PULSERA-1880;PULSERA LAMINADO PRUEBA TST-LAM-PULSERA-1880;Pulseras;95000;0;TST-38-30
TST-LAM-TOBILLERA-1881;TOBILLERA LAMINADO PRUEBA TST-LAM-TOBILLERA-1881;Tobilleras;129000;35;TST-38-31
TST-LAM-BALIN-1882;BALIN LAMINADO PRUEBA TST-LAM-BALIN-1882;Balines;163000;36;TST-38-32
TST-LAM-HERRAJE-1883;HERRAJE LAMINADO PRUEBA TST-LAM-HERRAJE-1883;Herrajes;29000;3;TST-38-33
TST-LAM-BARRIL-1884;BARRIL LAMINADO PRUEBA TST-LAM-BARRIL-1884;Barriles;63000;38;TST-38-34
TST-PLA-TOPO-1885;TOPO PLATA PRUEBA TST-PLA-TOPO-1885;Topos;97000;39;TST-38-35
TST-PLA-CANDONGA-1886;CANDONGA PLATA PRUEBA TST-PLA-CANDONGA-1886;Candongas;131000;40;TST-38-36
TST-PLA-EARCUFF-1887;EARCUFF PLATA PRUEBA TST-PLA-EARCUFF-1887;Earcuff;165000;4;TST-38-37
TST-PLA-CADENA-1888;CADENA PLATA PRUEBA TST-PLA-CADENA-1888;Cadenas;31000;5;TST-38-38
TST-PLA-DIJE-1889;DIJE PLATA PRUEBA TST-PLA-DIJE-1889;Dijes;65000;6;TST-38-39
TST-PLA-COLLAR-1890;COLLAR PLATA PRUEBA TST-PLA-COLLAR-1890;Collares;99000;0;TST-38-40
TST-PLA-ANILLO-1891;ANILLO PLATA PRUEBA TST-PLA-ANILLO-1891;Anillos;133000;8;TST-38-41
TST-PLA-PULSERA-1892;PULSERA PLATA PRUEBA TST-PLA-PULSERA-1892;Pulseras;167000;9;TST-38-42
TST-PLA-TOBILLERA-1893;TOBILLERA PLATA PRUEBA TST-PLA-TOBILLERA-1893;Tobilleras;33000;10;TST-38-43
TST-PLA-BALIN-1894;BALIN PLATA PRUEBA TST-PLA-BALIN-1894;Balines;67000;11;TST-38-44
TST-PLA-HERRAJE-1895;HERRAJE PLATA PRUEBA TST-PLA-HERRAJE-1895;Herrajes;101000;12;TST-38-45
TST-PLA-BARRIL-1896;BARRIL PLATA PRUEBA TST-PLA-BARRIL-1896;Barriles;135000;13;TST-38-46
TST-ROD-TOPO-1897;TOPO RODIO PRUEBA TST-ROD-TOPO-1897;Topos;169000;2;TST-38-47
TST-ROD-CANDONGA-1898;CANDONGA RODIO PRUEBA TST-ROD-CANDONGA-1898;Candongas;35000;15;TST-38-48
TST-ROD-EARCUFF-1899;EARCUFF RODIO PRUEBA TST-ROD-EARCUFF-1899;Earcuff;69000;16;TST-38-49
TST-ROD-CADENA-1900;CADENA RODIO PRUEBA TST-ROD-CADENA-1900;Cadenas;103000;0;TST-38-50
TST-ROD-DIJE-1901;DIJE RODIO PRUEBA TST-ROD-DIJE-1901;Dijes;137000;18;TST-39-01
TST-ROD-COLLAR-1902;COLLAR RODIO PRUEBA TST-ROD-COLLAR-1902;Collares;171000;19;TST-39-02
TST-ROD-ANILLO-1903;ANILLO RODIO PRUEBA TST-ROD-ANILLO-1903;Anillos;37000;20;TST-39-03
TST-ROD-PULSERA-1904;PULSERA RODIO PRUEBA TST-ROD-PULSERA-1904;Pulseras;71000;3;TST-39-04
TST-ROD-TOBILLERA-1905;TOBILLERA RODIO PRUEBA TST-ROD-TOBILLERA-1905;Tobilleras;105000;22;TST-39-05
TST-ROD-BALIN-1906;BALIN RODIO PRUEBA TST-ROD-BALIN-1906;Balines;139000;23;TST-39-06
TST-ROD-HERRAJE-1907;HERRAJE RODIO PRUEBA TST-ROD-HERRAJE-1907;Herrajes;173000;24;TST-39-07
TST-ROD-BARRIL-1908;BARRIL RODIO PRUEBA TST-ROD-BARRIL-1908;Barriles;39000;25;TST-39-08
TST-LAM-TOPO-1909;TOPO LAMINADO PRUEBA TST-LAM-TOPO-1909;Topos;73000;26;TST-39-09
TST-LAM-CANDONGA-1910;CANDONGA LAMINADO PRUEBA TST-LAM-CANDONGA-1910;Candongas;107000;0;TST-39-10
TST-LAM-EARCUFF-1911;EARCUFF LAMINADO PRUEBA TST-LAM-EARCUFF-1911;Earcuff;141000;1;TST-39-11
TST-LAM-CADENA-1912;CADENA LAMINADO PRUEBA TST-LAM-CADENA-1912;Cadenas;175000;29;TST-39-12
TST-LAM-DIJE-1913;DIJE LAMINADO PRUEBA TST-LAM-DIJE-1913;Dijes;41000;30;TST-39-13
TST-LAM-COLLAR-1914;COLLAR LAMINADO PRUEBA TST-LAM-COLLAR-1914;Collares;75000;31;TST-39-14
TST-LAM-ANILLO-1915;ANILLO LAMINADO PRUEBA TST-LAM-ANILLO-1915;Anillos;109000;32;TST-39-15
TST-LAM-PULSERA-1916;PULSERA LAMINADO PRUEBA TST-LAM-PULSERA-1916;Pulseras;143000;33;TST-39-16
TST-LAM-TOBILLERA-1917;TOBILLERA LAMINADO PRUEBA TST-LAM-TOBILLERA-1917;Tobilleras;177000;34;TST-39-17
TST-LAM-BALIN-1918;BALIN LAMINADO PRUEBA TST-LAM-BALIN-1918;Balines;43000;2;TST-39-18
TST-LAM-HERRAJE-1919;HERRAJE LAMINADO PRUEBA TST-LAM-HERRAJE-1919;Herrajes;77000;36;TST-39-19
TST-LAM-BARRIL-1920;BARRIL LAMINADO PRUEBA TST-LAM-BARRIL-1920;Barriles;111000;0;TST-39-20
TST-PLA-TOPO-1921;TOPO PLATA PRUEBA TST-PLA-TOPO-1921;Topos;145000;38;TST-39-21
TST-PLA-CANDONGA-1922;CANDONGA PLATA PRUEBA TST-PLA-CANDONGA-1922;Candongas;179000;39;TST-39-22
TST-PLA-EARCUFF-1923;EARCUFF PLATA PRUEBA TST-PLA-EARCUFF-1923;Earcuff;45000;40;TST-39-23
TST-PLA-CADENA-1924;CADENA PLATA PRUEBA TST-PLA-CADENA-1924;Cadenas;79000;4;TST-39-24
TST-PLA-DIJE-1925;DIJE PLATA PRUEBA TST-PLA-DIJE-1925;Dijes;113000;3;TST-39-25
TST-PLA-COLLAR-1926;COLLAR PLATA PRUEBA TST-PLA-COLLAR-1926;Collares;147000;6;TST-39-26
TST-PLA-ANILLO-1927;ANILLO PLATA PRUEBA TST-PLA-ANILLO-1927;Anillos;181000;7;TST-39-27
TST-PLA-PULSERA-1928;PULSERA PLATA PRUEBA TST-PLA-PULSERA-1928;Pulseras;47000;8;TST-39-28
TST-PLA-TOBILLERA-1929;TOBILLERA PLATA PRUEBA TST-PLA-TOBILLERA-1929;Tobilleras;81000;9;TST-39-29
TST-PLA-BALIN-1930;BALIN PLATA PRUEBA TST-PLA-BALIN-1930;Balines;115000;0;TST-39-30
TST-PLA-HERRAJE-1931;HERRAJE PLATA PRUEBA TST-PLA-HERRAJE-1931;Herrajes;149000;11;TST-39-31
TST-PLA-BARRIL-1932;BARRIL PLATA PRUEBA TST-PLA-BARRIL-1932;Barriles;15000;1;TST-39-32
TST-ROD-TOPO-1933;TOPO RODIO PRUEBA TST-ROD-TOPO-1933;Topos;49000;13;TST-39-33
TST-ROD-CANDONGA-1934;CANDONGA RODIO PRUEBA TST-ROD-CANDONGA-1934;Candongas;83000;14;TST-39-34
TST-ROD-EARCUFF-1935;EARCUFF RODIO PRUEBA TST-ROD-EARCUFF-1935;Earcuff;117000;15;TST-39-35
TST-ROD-CADENA-1936;CADENA RODIO PRUEBA TST-ROD-CADENA-1936;Cadenas;151000;16;TST-39-36
TST-ROD-DIJE-1937;DIJE RODIO PRUEBA TST-ROD-DIJE-1937;Dijes;17000;17;TST-39-37
TST-ROD-COLLAR-1938;COLLAR RODIO PRUEBA TST-ROD-COLLAR-1938;Collares;51000;18;TST-39-38
TST-ROD-ANILLO-1939;ANILLO RODIO PRUEBA TST-ROD-ANILLO-1939;Anillos;85000;2;TST-39-39
TST-ROD-PULSERA-1940;PULSERA RODIO PRUEBA TST-ROD-PULSERA-1940;Pulseras;119000;0;TST-39-40
TST-ROD-TOBILLERA-1941;TOBILLERA RODIO PRUEBA TST-ROD-TOBILLERA-1941;Tobilleras;153000;21;TST-39-41
TST-ROD-BALIN-1942;BALIN RODIO PRUEBA TST-ROD-BALIN-1942;Balines;19000;22;TST-39-42
TST-ROD-HERRAJE-1943;HERRAJE RODIO PRUEBA TST-ROD-HERRAJE-1943;Herrajes;53000;23;TST-39-43
TST-ROD-BARRIL-1944;BARRIL RODIO PRUEBA TST-ROD-BARRIL-1944;Barriles;87000;24;TST-39-44
TST-LAM-TOPO-1945;TOPO LAMINADO PRUEBA TST-LAM-TOPO-1945;Topos;121000;25;TST-39-45
TST-LAM-CANDONGA-1946;CANDONGA LAMINADO PRUEBA TST-LAM-CANDONGA-1946;Candongas;155000;3;TST-39-46
TST-LAM-EARCUFF-1947;EARCUFF LAMINADO PRUEBA TST-LAM-EARCUFF-1947;Earcuff;21000;27;TST-39-47
TST-LAM-CADENA-1948;CADENA LAMINADO PRUEBA TST-LAM-CADENA-1948;Cadenas;55000;28;TST-39-48
TST-LAM-DIJE-1949;DIJE LAMINADO PRUEBA TST-LAM-DIJE-1949;Dijes;89000;29;TST-39-49
TST-LAM-COLLAR-1950;COLLAR LAMINADO PRUEBA TST-LAM-COLLAR-1950;Collares;123000;0;TST-39-50
TST-LAM-ANILLO-1951;ANILLO LAMINADO PRUEBA TST-LAM-ANILLO-1951;Anillos;157000;31;TST-40-01
TST-LAM-PULSERA-1952;PULSERA LAMINADO PRUEBA TST-LAM-PULSERA-1952;Pulseras;23000;32;TST-40-02
TST-LAM-TOBILLERA-1953;TOBILLERA LAMINADO PRUEBA TST-LAM-TOBILLERA-1953;Tobilleras;57000;1;TST-40-03
TST-LAM-BALIN-1954;BALIN LAMINADO PRUEBA TST-LAM-BALIN-1954;Balines;91000;34;TST-40-04
TST-LAM-HERRAJE-1955;HERRAJE LAMINADO PRUEBA TST-LAM-HERRAJE-1955;Herrajes;125000;35;TST-40-05
TST-LAM-BARRIL-1956;BARRIL LAMINADO PRUEBA TST-LAM-BARRIL-1956;Barriles;159000;36;TST-40-06
TST-PLA-TOPO-1957;TOPO PLATA PRUEBA TST-PLA-TOPO-1957;Topos;25000;37;TST-40-07
TST-PLA-CANDONGA-1958;CANDONGA PLATA PRUEBA TST-PLA-CANDONGA-1958;Candongas;59000;38;TST-40-08
TST-PLA-EARCUFF-1959;EARCUFF PLATA PRUEBA TST-PLA-EARCUFF-1959;Earcuff;93000;39;TST-40-09
TST-PLA-CADENA-1960;CADENA PLATA PRUEBA TST-PLA-CADENA-1960;Cadenas;127000;0;TST-40-10
TST-PLA-DIJE-1961;DIJE PLATA PRUEBA TST-PLA-DIJE-1961;Dijes;161000;4;TST-40-11
TST-PLA-COLLAR-1962;COLLAR PLATA PRUEBA TST-PLA-COLLAR-1962;Collares;27000;5;TST-40-12
TST-PLA-ANILLO-1963;ANILLO PLATA PRUEBA TST-PLA-ANILLO-1963;Anillos;61000;6;TST-40-13
TST-PLA-PULSERA-1964;PULSERA PLATA PRUEBA TST-PLA-PULSERA-1964;Pulseras;95000;7;TST-40-14
TST-PLA-TOBILLERA-1965;TOBILLERA PLATA PRUEBA TST-PLA-TOBILLERA-1965;Tobilleras;129000;8;TST-40-15
TST-PLA-BALIN-1966;BALIN PLATA PRUEBA TST-PLA-BALIN-1966;Balines;163000;9;TST-40-16
TST-PLA-HERRAJE-1967;HERRAJE PLATA PRUEBA TST-PLA-HERRAJE-1967;Herrajes;29000;3;TST-40-17
TST-PLA-BARRIL-1968;BARRIL PLATA PRUEBA TST-PLA-BARRIL-1968;Barriles;63000;11;TST-40-18
TST-ROD-TOPO-1969;TOPO RODIO PRUEBA TST-ROD-TOPO-1969;Topos;97000;12;TST-40-19
TST-ROD-CANDONGA-1970;CANDONGA RODIO PRUEBA TST-ROD-CANDONGA-1970;Candongas;131000;0;TST-40-20
TST-ROD-EARCUFF-1971;EARCUFF RODIO PRUEBA TST-ROD-EARCUFF-1971;Earcuff;165000;14;TST-40-21
TST-ROD-CADENA-1972;CADENA RODIO PRUEBA TST-ROD-CADENA-1972;Cadenas;31000;15;TST-40-22
TST-ROD-DIJE-1973;DIJE RODIO PRUEBA TST-ROD-DIJE-1973;Dijes;65000;16;TST-40-23
TST-ROD-COLLAR-1974;COLLAR RODIO PRUEBA TST-ROD-COLLAR-1974;Collares;99000;1;TST-40-24
TST-ROD-ANILLO-1975;ANILLO RODIO PRUEBA TST-ROD-ANILLO-1975;Anillos;133000;18;TST-40-25
TST-ROD-PULSERA-1976;PULSERA RODIO PRUEBA TST-ROD-PULSERA-1976;Pulseras;167000;19;TST-40-26
TST-ROD-TOBILLERA-1977;TOBILLERA RODIO PRUEBA TST-ROD-TOBILLERA-1977;Tobilleras;33000;20;TST-40-27
TST-ROD-BALIN-1978;BALIN RODIO PRUEBA TST-ROD-BALIN-1978;Balines;67000;21;TST-40-28
TST-ROD-HERRAJE-1979;HERRAJE RODIO PRUEBA TST-ROD-HERRAJE-1979;Herrajes;101000;22;TST-40-29
TST-ROD-BARRIL-1980;BARRIL RODIO PRUEBA TST-ROD-BARRIL-1980;Barriles;135000;0;TST-40-30
TST-LAM-TOPO-1981;TOPO LAMINADO PRUEBA TST-LAM-TOPO-1981;Topos;169000;2;TST-40-31
TST-LAM-CANDONGA-1982;CANDONGA LAMINADO PRUEBA TST-LAM-CANDONGA-1982;Candongas;35000;25;TST-40-32
TST-LAM-EARCUFF-1983;EARCUFF LAMINADO PRUEBA TST-LAM-EARCUFF-1983;Earcuff;69000;26;TST-40-33
TST-LAM-CADENA-1984;CADENA LAMINADO PRUEBA TST-LAM-CADENA-1984;Cadenas;103000;27;TST-40-34
TST-LAM-DIJE-1985;DIJE LAMINADO PRUEBA TST-LAM-DIJE-1985;Dijes;137000;28;TST-40-35
TST-LAM-COLLAR-1986;COLLAR LAMINADO PRUEBA TST-LAM-COLLAR-1986;Collares;171000;29;TST-40-36
TST-LAM-ANILLO-1987;ANILLO LAMINADO PRUEBA TST-LAM-ANILLO-1987;Anillos;37000;30;TST-40-37
TST-LAM-PULSERA-1988;PULSERA LAMINADO PRUEBA TST-LAM-PULSERA-1988;Pulseras;71000;3;TST-40-38
TST-LAM-TOBILLERA-1989;TOBILLERA LAMINADO PRUEBA TST-LAM-TOBILLERA-1989;Tobilleras;105000;32;TST-40-39
TST-LAM-BALIN-1990;BALIN LAMINADO PRUEBA TST-LAM-BALIN-1990;Balines;139000;0;TST-40-40
TST-LAM-HERRAJE-1991;HERRAJE LAMINADO PRUEBA TST-LAM-HERRAJE-1991;Herrajes;173000;34;TST-40-41
TST-LAM-BARRIL-1992;BARRIL LAMINADO PRUEBA TST-LAM-BARRIL-1992;Barriles;39000;35;TST-40-42
TST-PLA-TOPO-1993;TOPO PLATA PRUEBA TST-PLA-TOPO-1993;Topos;73000;36;TST-40-43
TST-PLA-CANDONGA-1994;CANDONGA PLATA PRUEBA TST-PLA-CANDONGA-1994;Candongas;107000;37;TST-40-44
TST-PLA-EARCUFF-1995;EARCUFF PLATA PRUEBA TST-PLA-EARCUFF-1995;Earcuff;141000;1;TST-40-45
TST-PLA-CADENA-1996;CADENA PLATA PRUEBA TST-PLA-CADENA-1996;Cadenas;175000;39;TST-40-46
TST-PLA-DIJE-1997;DIJE PLATA PRUEBA TST-PLA-DIJE-1997;Dijes;41000;40;TST-40-47
TST-PLA-COLLAR-1998;COLLAR PLATA PRUEBA TST-PLA-COLLAR-1998;Collares;75000;4;TST-40-48
TST-PLA-ANILLO-1999;ANILLO PLATA PRUEBA TST-PLA-ANILLO-1999;Anillos;109000;5;TST-40-49
TST-PLA-PULSERA-2000;PULSERA PLATA PRUEBA TST-PLA-PULSERA-2000;Pulseras;143000;0;TST-40-50
TST-PLA-TOBILLERA-2001;TOBILLERA PLATA PRUEBA TST-PLA-TOBILLERA-2001;Tobilleras;177000;7;TST-41-01
TST-PLA-BALIN-2002;BALIN PLATA PRUEBA TST-PLA-BALIN-2002;Balines;43000;2;TST-41-02
TST-PLA-HERRAJE-2003;HERRAJE PLATA PRUEBA TST-PLA-HERRAJE-2003;Herrajes;77000;9;TST-41-03
TST-PLA-BARRIL-2004;BARRIL PLATA PRUEBA TST-PLA-BARRIL-2004;Barriles;111000;10;TST-41-04
TST-ROD-TOPO-2005;TOPO RODIO PRUEBA TST-ROD-TOPO-2005;Topos;145000;11;TST-41-05
TST-ROD-CANDONGA-2006;CANDONGA RODIO PRUEBA TST-ROD-CANDONGA-2006;Candongas;179000;12;TST-41-06
TST-ROD-EARCUFF-2007;EARCUFF RODIO PRUEBA TST-ROD-EARCUFF-2007;Earcuff;45000;13;TST-41-07
TST-ROD-CADENA-2008;CADENA RODIO PRUEBA TST-ROD-CADENA-2008;Cadenas;79000;14;TST-41-08
TST-ROD-DIJE-2009;DIJE RODIO PRUEBA TST-ROD-DIJE-2009;Dijes;113000;3;TST-41-09
TST-ROD-COLLAR-2010;COLLAR RODIO PRUEBA TST-ROD-COLLAR-2010;Collares;147000;0;TST-41-10
TST-ROD-ANILLO-2011;ANILLO RODIO PRUEBA TST-ROD-ANILLO-2011;Anillos;181000;17;TST-41-11
TST-ROD-PULSERA-2012;PULSERA RODIO PRUEBA TST-ROD-PULSERA-2012;Pulseras;47000;18;TST-41-12
TST-ROD-TOBILLERA-2013;TOBILLERA RODIO PRUEBA TST-ROD-TOBILLERA-2013;Tobilleras;81000;19;TST-41-13
TST-ROD-BALIN-2014;BALIN RODIO PRUEBA TST-ROD-BALIN-2014;Balines;115000;20;TST-41-14
TST-ROD-HERRAJE-2015;HERRAJE RODIO PRUEBA TST-ROD-HERRAJE-2015;Herrajes;149000;21;TST-41-15
TST-ROD-BARRIL-2016;BARRIL RODIO PRUEBA TST-ROD-BARRIL-2016;Barriles;15000;1;TST-41-16
TST-LAM-TOPO-2017;TOPO LAMINADO PRUEBA TST-LAM-TOPO-2017;Topos;49000;23;TST-41-17
TST-LAM-CANDONGA-2018;CANDONGA LAMINADO PRUEBA TST-LAM-CANDONGA-2018;Candongas;83000;24;TST-41-18
TST-LAM-EARCUFF-2019;EARCUFF LAMINADO PRUEBA TST-LAM-EARCUFF-2019;Earcuff;117000;25;TST-41-19
TST-LAM-CADENA-2020;CADENA LAMINADO PRUEBA TST-LAM-CADENA-2020;Cadenas;151000;0;TST-41-20
TST-LAM-DIJE-2021;DIJE LAMINADO PRUEBA TST-LAM-DIJE-2021;Dijes;17000;27;TST-41-21
TST-LAM-COLLAR-2022;COLLAR LAMINADO PRUEBA TST-LAM-COLLAR-2022;Collares;51000;28;TST-41-22
TST-LAM-ANILLO-2023;ANILLO LAMINADO PRUEBA TST-LAM-ANILLO-2023;Anillos;85000;2;TST-41-23
TST-LAM-PULSERA-2024;PULSERA LAMINADO PRUEBA TST-LAM-PULSERA-2024;Pulseras;119000;30;TST-41-24
TST-LAM-TOBILLERA-2025;TOBILLERA LAMINADO PRUEBA TST-LAM-TOBILLERA-2025;Tobilleras;153000;31;TST-41-25
TST-LAM-BALIN-2026;BALIN LAMINADO PRUEBA TST-LAM-BALIN-2026;Balines;19000;32;TST-41-26
TST-LAM-HERRAJE-2027;HERRAJE LAMINADO PRUEBA TST-LAM-HERRAJE-2027;Herrajes;53000;33;TST-41-27
TST-LAM-BARRIL-2028;BARRIL LAMINADO PRUEBA TST-LAM-BARRIL-2028;Barriles;87000;34;TST-41-28
TST-PLA-TOPO-2029;TOPO PLATA PRUEBA TST-PLA-TOPO-2029;Topos;121000;35;TST-41-29
TST-PLA-CANDONGA-2030;CANDONGA PLATA PRUEBA TST-PLA-CANDONGA-2030;Candongas;155000;0;TST-41-30
TST-PLA-EARCUFF-2031;EARCUFF PLATA PRUEBA TST-PLA-EARCUFF-2031;Earcuff;21000;37;TST-41-31
TST-PLA-CADENA-2032;CADENA PLATA PRUEBA TST-PLA-CADENA-2032;Cadenas;55000;38;TST-41-32
TST-PLA-DIJE-2033;DIJE PLATA PRUEBA TST-PLA-DIJE-2033;Dijes;89000;39;TST-41-33
TST-PLA-COLLAR-2034;COLLAR PLATA PRUEBA TST-PLA-COLLAR-2034;Collares;123000;40;TST-41-34
TST-PLA-ANILLO-2035;ANILLO PLATA PRUEBA TST-PLA-ANILLO-2035;Anillos;157000;4;TST-41-35
TST-PLA-PULSERA-2036;PULSERA PLATA PRUEBA TST-PLA-PULSERA-2036;Pulseras;23000;5;TST-41-36
TST-PLA-TOBILLERA-2037;TOBILLERA PLATA PRUEBA TST-PLA-TOBILLERA-2037;Tobilleras;57000;1;TST-41-37
TST-PLA-BALIN-2038;BALIN PLATA PRUEBA TST-PLA-BALIN-2038;Balines;91000;7;TST-41-38
TST-PLA-HERRAJE-2039;HERRAJE PLATA PRUEBA TST-PLA-HERRAJE-2039;Herrajes;125000;8;TST-41-39
TST-PLA-BARRIL-2040;BARRIL PLATA PRUEBA TST-PLA-BARRIL-2040;Barriles;159000;0;TST-41-40
TST-ROD-TOPO-2041;TOPO RODIO PRUEBA TST-ROD-TOPO-2041;Topos;25000;10;TST-41-41
TST-ROD-CANDONGA-2042;CANDONGA RODIO PRUEBA TST-ROD-CANDONGA-2042;Candongas;59000;11;TST-41-42
TST-ROD-EARCUFF-2043;EARCUFF RODIO PRUEBA TST-ROD-EARCUFF-2043;Earcuff;93000;12;TST-41-43
TST-ROD-CADENA-2044;CADENA RODIO PRUEBA TST-ROD-CADENA-2044;Cadenas;127000;2;TST-41-44
TST-ROD-DIJE-2045;DIJE RODIO PRUEBA TST-ROD-DIJE-2045;Dijes;161000;14;TST-41-45
TST-ROD-COLLAR-2046;COLLAR RODIO PRUEBA TST-ROD-COLLAR-2046;Collares;27000;15;TST-41-46
TST-ROD-ANILLO-2047;ANILLO RODIO PRUEBA TST-ROD-ANILLO-2047;Anillos;61000;16;TST-41-47
TST-ROD-PULSERA-2048;PULSERA RODIO PRUEBA TST-ROD-PULSERA-2048;Pulseras;95000;17;TST-41-48
TST-ROD-TOBILLERA-2049;TOBILLERA RODIO PRUEBA TST-ROD-TOBILLERA-2049;Tobilleras;129000;18;TST-41-49
TST-ROD-BALIN-2050;BALIN RODIO PRUEBA TST-ROD-BALIN-2050;Balines;163000;0;TST-41-50
TST-ROD-HERRAJE-2051;HERRAJE RODIO PRUEBA TST-ROD-HERRAJE-2051;Herrajes;29000;3;TST-42-01
TST-ROD-BARRIL-2052;BARRIL RODIO PRUEBA TST-ROD-BARRIL-2052;Barriles;63000;21;TST-42-02
TST-LAM-TOPO-2053;TOPO LAMINADO PRUEBA TST-LAM-TOPO-2053;Topos;97000;22;TST-42-03
TST-LAM-CANDONGA-2054;CANDONGA LAMINADO PRUEBA TST-LAM-CANDONGA-2054;Candongas;131000;23;TST-42-04
TST-LAM-EARCUFF-2055;EARCUFF LAMINADO PRUEBA TST-LAM-EARCUFF-2055;Earcuff;165000;24;TST-42-05
TST-LAM-CADENA-2056;CADENA LAMINADO PRUEBA TST-LAM-CADENA-2056;Cadenas;31000;25;TST-42-06
TST-LAM-DIJE-2057;DIJE LAMINADO PRUEBA TST-LAM-DIJE-2057;Dijes;65000;26;TST-42-07
TST-LAM-COLLAR-2058;COLLAR LAMINADO PRUEBA TST-LAM-COLLAR-2058;Collares;99000;1;TST-42-08
TST-LAM-ANILLO-2059;ANILLO LAMINADO PRUEBA TST-LAM-ANILLO-2059;Anillos;133000;28;TST-42-09
TST-LAM-PULSERA-2060;PULSERA LAMINADO PRUEBA TST-LAM-PULSERA-2060;Pulseras;167000;0;TST-42-10
TST-LAM-TOBILLERA-2061;TOBILLERA LAMINADO PRUEBA TST-LAM-TOBILLERA-2061;Tobilleras;33000;30;TST-42-11
TST-LAM-BALIN-2062;BALIN LAMINADO PRUEBA TST-LAM-BALIN-2062;Balines;67000;31;TST-42-12
TST-LAM-HERRAJE-2063;HERRAJE LAMINADO PRUEBA TST-LAM-HERRAJE-2063;Herrajes;101000;32;TST-42-13
TST-LAM-BARRIL-2064;BARRIL LAMINADO PRUEBA TST-LAM-BARRIL-2064;Barriles;135000;33;TST-42-14
TST-PLA-TOPO-2065;TOPO PLATA PRUEBA TST-PLA-TOPO-2065;Topos;169000;2;TST-42-15
TST-PLA-CANDONGA-2066;CANDONGA PLATA PRUEBA TST-PLA-CANDONGA-2066;Candongas;35000;35;TST-42-16
TST-PLA-EARCUFF-2067;EARCUFF PLATA PRUEBA TST-PLA-EARCUFF-2067;Earcuff;69000;36;TST-42-17
TST-PLA-CADENA-2068;CADENA PLATA PRUEBA TST-PLA-CADENA-2068;Cadenas;103000;37;TST-42-18
TST-PLA-DIJE-2069;DIJE PLATA PRUEBA TST-PLA-DIJE-2069;Dijes;137000;38;TST-42-19
TST-PLA-COLLAR-2070;COLLAR PLATA PRUEBA TST-PLA-COLLAR-2070;Collares;171000;0;TST-42-20
TST-PLA-ANILLO-2071;ANILLO PLATA PRUEBA TST-PLA-ANILLO-2071;Anillos;37000;40;TST-42-21
TST-PLA-PULSERA-2072;PULSERA PLATA PRUEBA TST-PLA-PULSERA-2072;Pulseras;71000;3;TST-42-22
TST-PLA-TOBILLERA-2073;TOBILLERA PLATA PRUEBA TST-PLA-TOBILLERA-2073;Tobilleras;105000;5;TST-42-23
TST-PLA-BALIN-2074;BALIN PLATA PRUEBA TST-PLA-BALIN-2074;Balines;139000;6;TST-42-24
TST-PLA-HERRAJE-2075;HERRAJE PLATA PRUEBA TST-PLA-HERRAJE-2075;Herrajes;173000;7;TST-42-25
TST-PLA-BARRIL-2076;BARRIL PLATA PRUEBA TST-PLA-BARRIL-2076;Barriles;39000;8;TST-42-26
TST-ROD-TOPO-2077;TOPO RODIO PRUEBA TST-ROD-TOPO-2077;Topos;73000;9;TST-42-27
TST-ROD-CANDONGA-2078;CANDONGA RODIO PRUEBA TST-ROD-CANDONGA-2078;Candongas;107000;10;TST-42-28
TST-ROD-EARCUFF-2079;EARCUFF RODIO PRUEBA TST-ROD-EARCUFF-2079;Earcuff;141000;1;TST-42-29
TST-ROD-CADENA-2080;CADENA RODIO PRUEBA TST-ROD-CADENA-2080;Cadenas;175000;0;TST-42-30
TST-ROD-DIJE-2081;DIJE RODIO PRUEBA TST-ROD-DIJE-2081;Dijes;41000;13;TST-42-31
TST-ROD-COLLAR-2082;COLLAR RODIO PRUEBA TST-ROD-COLLAR-2082;Collares;75000;14;TST-42-32
TST-ROD-ANILLO-2083;ANILLO RODIO PRUEBA TST-ROD-ANILLO-2083;Anillos;109000;15;TST-42-33
TST-ROD-PULSERA-2084;PULSERA RODIO PRUEBA TST-ROD-PULSERA-2084;Pulseras;143000;16;TST-42-34
TST-ROD-TOBILLERA-2085;TOBILLERA RODIO PRUEBA TST-ROD-TOBILLERA-2085;Tobilleras;177000;17;TST-42-35
TST-ROD-BALIN-2086;BALIN RODIO PRUEBA TST-ROD-BALIN-2086;Balines;43000;2;TST-42-36
TST-ROD-HERRAJE-2087;HERRAJE RODIO PRUEBA TST-ROD-HERRAJE-2087;Herrajes;77000;19;TST-42-37
TST-ROD-BARRIL-2088;BARRIL RODIO PRUEBA TST-ROD-BARRIL-2088;Barriles;111000;20;TST-42-38
TST-LAM-TOPO-2089;TOPO LAMINADO PRUEBA TST-LAM-TOPO-2089;Topos;145000;21;TST-42-39
TST-LAM-CANDONGA-2090;CANDONGA LAMINADO PRUEBA TST-LAM-CANDONGA-2090;Candongas;179000;0;TST-42-40
TST-LAM-EARCUFF-2091;EARCUFF LAMINADO PRUEBA TST-LAM-EARCUFF-2091;Earcuff;45000;23;TST-42-41
TST-LAM-CADENA-2092;CADENA LAMINADO PRUEBA TST-LAM-CADENA-2092;Cadenas;79000;24;TST-42-42
TST-LAM-DIJE-2093;DIJE LAMINADO PRUEBA TST-LAM-DIJE-2093;Dijes;113000;3;TST-42-43
TST-LAM-COLLAR-2094;COLLAR LAMINADO PRUEBA TST-LAM-COLLAR-2094;Collares;147000;26;TST-42-44
TST-LAM-ANILLO-2095;ANILLO LAMINADO PRUEBA TST-LAM-ANILLO-2095;Anillos;181000;27;TST-42-45
TST-LAM-PULSERA-2096;PULSERA LAMINADO PRUEBA TST-LAM-PULSERA-2096;Pulseras;47000;28;TST-42-46
TST-LAM-TOBILLERA-2097;TOBILLERA LAMINADO PRUEBA TST-LAM-TOBILLERA-2097;Tobilleras;81000;29;TST-42-47
TST-LAM-BALIN-2098;BALIN LAMINADO PRUEBA TST-LAM-BALIN-2098;Balines;115000;30;TST-42-48
TST-LAM-HERRAJE-2099;HERRAJE LAMINADO PRUEBA TST-LAM-HERRAJE-2099;Herrajes;149000;31;TST-42-49
TST-LAM-BARRIL-2100;BARRIL LAMINADO PRUEBA TST-LAM-BARRIL-2100;Barriles;15000;0;TST-42-50
TST-PLA-TOPO-2101;TOPO PLATA PRUEBA TST-PLA-TOPO-2101;Topos;49000;33;TST-43-01
TST-PLA-CANDONGA-2102;CANDONGA PLATA PRUEBA TST-PLA-CANDONGA-2102;Candongas;83000;34;TST-43-02
TST-PLA-EARCUFF-2103;EARCUFF PLATA PRUEBA TST-PLA-EARCUFF-2103;Earcuff;117000;35;TST-43-03
TST-PLA-CADENA-2104;CADENA PLATA PRUEBA TST-PLA-CADENA-2104;Cadenas;151000;36;TST-43-04
TST-PLA-DIJE-2105;DIJE PLATA PRUEBA TST-PLA-DIJE-2105;Dijes;17000;37;TST-43-05
TST-PLA-COLLAR-2106;COLLAR PLATA PRUEBA TST-PLA-COLLAR-2106;Collares;51000;38;TST-43-06
TST-PLA-ANILLO-2107;ANILLO PLATA PRUEBA TST-PLA-ANILLO-2107;Anillos;85000;2;TST-43-07
TST-PLA-PULSERA-2108;PULSERA PLATA PRUEBA TST-PLA-PULSERA-2108;Pulseras;119000;40;TST-43-08
TST-PLA-TOBILLERA-2109;TOBILLERA PLATA PRUEBA TST-PLA-TOBILLERA-2109;Tobilleras;153000;4;TST-43-09
TST-PLA-BALIN-2110;BALIN PLATA PRUEBA TST-PLA-BALIN-2110;Balines;19000;0;TST-43-10
TST-PLA-HERRAJE-2111;HERRAJE PLATA PRUEBA TST-PLA-HERRAJE-2111;Herrajes;53000;6;TST-43-11
TST-PLA-BARRIL-2112;BARRIL PLATA PRUEBA TST-PLA-BARRIL-2112;Barriles;87000;7;TST-43-12
TST-ROD-TOPO-2113;TOPO RODIO PRUEBA TST-ROD-TOPO-2113;Topos;121000;8;TST-43-13
TST-ROD-CANDONGA-2114;CANDONGA RODIO PRUEBA TST-ROD-CANDONGA-2114;Candongas;155000;3;TST-43-14
TST-ROD-EARCUFF-2115;EARCUFF RODIO PRUEBA TST-ROD-EARCUFF-2115;Earcuff;21000;10;TST-43-15
TST-ROD-CADENA-2116;CADENA RODIO PRUEBA TST-ROD-CADENA-2116;Cadenas;55000;11;TST-43-16
TST-ROD-DIJE-2117;DIJE RODIO PRUEBA TST-ROD-DIJE-2117;Dijes;89000;12;TST-43-17
TST-ROD-COLLAR-2118;COLLAR RODIO PRUEBA TST-ROD-COLLAR-2118;Collares;123000;13;TST-43-18
TST-ROD-ANILLO-2119;ANILLO RODIO PRUEBA TST-ROD-ANILLO-2119;Anillos;157000;14;TST-43-19
TST-ROD-PULSERA-2120;PULSERA RODIO PRUEBA TST-ROD-PULSERA-2120;Pulseras;23000;0;TST-43-20
TST-ROD-TOBILLERA-2121;TOBILLERA RODIO PRUEBA TST-ROD-TOBILLERA-2121;Tobilleras;57000;1;TST-43-21
TST-ROD-BALIN-2122;BALIN RODIO PRUEBA TST-ROD-BALIN-2122;Balines;91000;17;TST-43-22
TST-ROD-HERRAJE-2123;HERRAJE RODIO PRUEBA TST-ROD-HERRAJE-2123;Herrajes;125000;18;TST-43-23
TST-ROD-BARRIL-2124;BARRIL RODIO PRUEBA TST-ROD-BARRIL-2124;Barriles;159000;19;TST-43-24
TST-LAM-TOPO-2125;TOPO LAMINADO PRUEBA TST-LAM-TOPO-2125;Topos;25000;20;TST-43-25
TST-LAM-CANDONGA-2126;CANDONGA LAMINADO PRUEBA TST-LAM-CANDONGA-2126;Candongas;59000;21;TST-43-26
TST-LAM-EARCUFF-2127;EARCUFF LAMINADO PRUEBA TST-LAM-EARCUFF-2127;Earcuff;93000;22;TST-43-27
TST-LAM-CADENA-2128;CADENA LAMINADO PRUEBA TST-LAM-CADENA-2128;Cadenas;127000;2;TST-43-28
TST-LAM-DIJE-2129;DIJE LAMINADO PRUEBA TST-LAM-DIJE-2129;Dijes;161000;24;TST-43-29
TST-LAM-COLLAR-2130;COLLAR LAMINADO PRUEBA TST-LAM-COLLAR-2130;Collares;27000;0;TST-43-30
TST-LAM-ANILLO-2131;ANILLO LAMINADO PRUEBA TST-LAM-ANILLO-2131;Anillos;61000;26;TST-43-31
TST-LAM-PULSERA-2132;PULSERA LAMINADO PRUEBA TST-LAM-PULSERA-2132;Pulseras;95000;27;TST-43-32
TST-LAM-TOBILLERA-2133;TOBILLERA LAMINADO PRUEBA TST-LAM-TOBILLERA-2133;Tobilleras;129000;28;TST-43-33
TST-LAM-BALIN-2134;BALIN LAMINADO PRUEBA TST-LAM-BALIN-2134;Balines;163000;29;TST-43-34
TST-LAM-HERRAJE-2135;HERRAJE LAMINADO PRUEBA TST-LAM-HERRAJE-2135;Herrajes;29000;3;TST-43-35
TST-LAM-BARRIL-2136;BARRIL LAMINADO PRUEBA TST-LAM-BARRIL-2136;Barriles;63000;31;TST-43-36
TST-PLA-TOPO-2137;TOPO PLATA PRUEBA TST-PLA-TOPO-2137;Topos;97000;32;TST-43-37
TST-PLA-CANDONGA-2138;CANDONGA PLATA PRUEBA TST-PLA-CANDONGA-2138;Candongas;131000;33;TST-43-38
TST-PLA-EARCUFF-2139;EARCUFF PLATA PRUEBA TST-PLA-EARCUFF-2139;Earcuff;165000;34;TST-43-39
TST-PLA-CADENA-2140;CADENA PLATA PRUEBA TST-PLA-CADENA-2140;Cadenas;31000;0;TST-43-40
TST-PLA-DIJE-2141;DIJE PLATA PRUEBA TST-PLA-DIJE-2141;Dijes;65000;36;TST-43-41
TST-PLA-COLLAR-2142;COLLAR PLATA PRUEBA TST-PLA-COLLAR-2142;Collares;99000;1;TST-43-42
TST-PLA-ANILLO-2143;ANILLO PLATA PRUEBA TST-PLA-ANILLO-2143;Anillos;133000;38;TST-43-43
TST-PLA-PULSERA-2144;PULSERA PLATA PRUEBA TST-PLA-PULSERA-2144;Pulseras;167000;39;TST-43-44
TST-PLA-TOBILLERA-2145;TOBILLERA PLATA PRUEBA TST-PLA-TOBILLERA-2145;Tobilleras;33000;40;TST-43-45
TST-PLA-BALIN-2146;BALIN PLATA PRUEBA TST-PLA-BALIN-2146;Balines;67000;4;TST-43-46
TST-PLA-HERRAJE-2147;HERRAJE PLATA PRUEBA TST-PLA-HERRAJE-2147;Herrajes;101000;5;TST-43-47
TST-PLA-BARRIL-2148;BARRIL PLATA PRUEBA TST-PLA-BARRIL-2148;Barriles;135000;6;TST-43-48
TST-ROD-TOPO-2149;TOPO RODIO PRUEBA TST-ROD-TOPO-2149;Topos;169000;2;TST-43-49
TST-ROD-CANDONGA-2150;CANDONGA RODIO PRUEBA TST-ROD-CANDONGA-2150;Candongas;35000;0;TST-43-50
TST-ROD-EARCUFF-2151;EARCUFF RODIO PRUEBA TST-ROD-EARCUFF-2151;Earcuff;69000;9;TST-44-01
TST-ROD-CADENA-2152;CADENA RODIO PRUEBA TST-ROD-CADENA-2152;Cadenas;103000;10;TST-44-02
TST-ROD-DIJE-2153;DIJE RODIO PRUEBA TST-ROD-DIJE-2153;Dijes;137000;11;TST-44-03
TST-ROD-COLLAR-2154;COLLAR RODIO PRUEBA TST-ROD-COLLAR-2154;Collares;171000;12;TST-44-04
TST-ROD-ANILLO-2155;ANILLO RODIO PRUEBA TST-ROD-ANILLO-2155;Anillos;37000;13;TST-44-05
TST-ROD-PULSERA-2156;PULSERA RODIO PRUEBA TST-ROD-PULSERA-2156;Pulseras;71000;3;TST-44-06
TST-ROD-TOBILLERA-2157;TOBILLERA RODIO PRUEBA TST-ROD-TOBILLERA-2157;Tobilleras;105000;15;TST-44-07
TST-ROD-BALIN-2158;BALIN RODIO PRUEBA TST-ROD-BALIN-2158;Balines;139000;16;TST-44-08
TST-ROD-HERRAJE-2159;HERRAJE RODIO PRUEBA TST-ROD-HERRAJE-2159;Herrajes;173000;17;TST-44-09
TST-ROD-BARRIL-2160;BARRIL RODIO PRUEBA TST-ROD-BARRIL-2160;Barriles;39000;0;TST-44-10
TST-LAM-TOPO-2161;TOPO LAMINADO PRUEBA TST-LAM-TOPO-2161;Topos;73000;19;TST-44-11
TST-LAM-CANDONGA-2162;CANDONGA LAMINADO PRUEBA TST-LAM-CANDONGA-2162;Candongas;107000;20;TST-44-12
TST-LAM-EARCUFF-2163;EARCUFF LAMINADO PRUEBA TST-LAM-EARCUFF-2163;Earcuff;141000;1;TST-44-13
TST-LAM-CADENA-2164;CADENA LAMINADO PRUEBA TST-LAM-CADENA-2164;Cadenas;175000;22;TST-44-14
TST-LAM-DIJE-2165;DIJE LAMINADO PRUEBA TST-LAM-DIJE-2165;Dijes;41000;23;TST-44-15
TST-LAM-COLLAR-2166;COLLAR LAMINADO PRUEBA TST-LAM-COLLAR-2166;Collares;75000;24;TST-44-16
TST-LAM-ANILLO-2167;ANILLO LAMINADO PRUEBA TST-LAM-ANILLO-2167;Anillos;109000;25;TST-44-17
TST-LAM-PULSERA-2168;PULSERA LAMINADO PRUEBA TST-LAM-PULSERA-2168;Pulseras;143000;26;TST-44-18
TST-LAM-TOBILLERA-2169;TOBILLERA LAMINADO PRUEBA TST-LAM-TOBILLERA-2169;Tobilleras;177000;27;TST-44-19
TST-LAM-BALIN-2170;BALIN LAMINADO PRUEBA TST-LAM-BALIN-2170;Balines;43000;0;TST-44-20
TST-LAM-HERRAJE-2171;HERRAJE LAMINADO PRUEBA TST-LAM-HERRAJE-2171;Herrajes;77000;29;TST-44-21
TST-LAM-BARRIL-2172;BARRIL LAMINADO PRUEBA TST-LAM-BARRIL-2172;Barriles;111000;30;TST-44-22
TST-PLA-TOPO-2173;TOPO PLATA PRUEBA TST-PLA-TOPO-2173;Topos;145000;31;TST-44-23
TST-PLA-CANDONGA-2174;CANDONGA PLATA PRUEBA TST-PLA-CANDONGA-2174;Candongas;179000;32;TST-44-24
TST-PLA-EARCUFF-2175;EARCUFF PLATA PRUEBA TST-PLA-EARCUFF-2175;Earcuff;45000;33;TST-44-25
TST-PLA-CADENA-2176;CADENA PLATA PRUEBA TST-PLA-CADENA-2176;Cadenas;79000;34;TST-44-26
TST-PLA-DIJE-2177;DIJE PLATA PRUEBA TST-PLA-DIJE-2177;Dijes;113000;3;TST-44-27
TST-PLA-COLLAR-2178;COLLAR PLATA PRUEBA TST-PLA-COLLAR-2178;Collares;147000;36;TST-44-28
TST-PLA-ANILLO-2179;ANILLO PLATA PRUEBA TST-PLA-ANILLO-2179;Anillos;181000;37;TST-44-29
TST-PLA-PULSERA-2180;PULSERA PLATA PRUEBA TST-PLA-PULSERA-2180;Pulseras;47000;0;TST-44-30
TST-PLA-TOBILLERA-2181;TOBILLERA PLATA PRUEBA TST-PLA-TOBILLERA-2181;Tobilleras;81000;39;TST-44-31
TST-PLA-BALIN-2182;BALIN PLATA PRUEBA TST-PLA-BALIN-2182;Balines;115000;40;TST-44-32
TST-PLA-HERRAJE-2183;HERRAJE PLATA PRUEBA TST-PLA-HERRAJE-2183;Herrajes;149000;4;TST-44-33
TST-PLA-BARRIL-2184;BARRIL PLATA PRUEBA TST-PLA-BARRIL-2184;Barriles;15000;1;TST-44-34
TST-ROD-TOPO-2185;TOPO RODIO PRUEBA TST-ROD-TOPO-2185;Topos;49000;6;TST-44-35
TST-ROD-CANDONGA-2186;CANDONGA RODIO PRUEBA TST-ROD-CANDONGA-2186;Candongas;83000;7;TST-44-36
TST-ROD-EARCUFF-2187;EARCUFF RODIO PRUEBA TST-ROD-EARCUFF-2187;Earcuff;117000;8;TST-44-37
TST-ROD-CADENA-2188;CADENA RODIO PRUEBA TST-ROD-CADENA-2188;Cadenas;151000;9;TST-44-38
TST-ROD-DIJE-2189;DIJE RODIO PRUEBA TST-ROD-DIJE-2189;Dijes;17000;10;TST-44-39
TST-ROD-COLLAR-2190;COLLAR RODIO PRUEBA TST-ROD-COLLAR-2190;Collares;51000;0;TST-44-40
TST-ROD-ANILLO-2191;ANILLO RODIO PRUEBA TST-ROD-ANILLO-2191;Anillos;85000;2;TST-44-41
TST-ROD-PULSERA-2192;PULSERA RODIO PRUEBA TST-ROD-PULSERA-2192;Pulseras;119000;13;TST-44-42
TST-ROD-TOBILLERA-2193;TOBILLERA RODIO PRUEBA TST-ROD-TOBILLERA-2193;Tobilleras;153000;14;TST-44-43
TST-ROD-BALIN-2194;BALIN RODIO PRUEBA TST-ROD-BALIN-2194;Balines;19000;15;TST-44-44
TST-ROD-HERRAJE-2195;HERRAJE RODIO PRUEBA TST-ROD-HERRAJE-2195;Herrajes;53000;16;TST-44-45
TST-ROD-BARRIL-2196;BARRIL RODIO PRUEBA TST-ROD-BARRIL-2196;Barriles;87000;17;TST-44-46
TST-LAM-TOPO-2197;TOPO LAMINADO PRUEBA TST-LAM-TOPO-2197;Topos;121000;18;TST-44-47
TST-LAM-CANDONGA-2198;CANDONGA LAMINADO PRUEBA TST-LAM-CANDONGA-2198;Candongas;155000;3;TST-44-48
TST-LAM-EARCUFF-2199;EARCUFF LAMINADO PRUEBA TST-LAM-EARCUFF-2199;Earcuff;21000;20;TST-44-49
TST-LAM-CADENA-2200;CADENA LAMINADO PRUEBA TST-LAM-CADENA-2200;Cadenas;55000;0;TST-44-50
TST-LAM-DIJE-2201;DIJE LAMINADO PRUEBA TST-LAM-DIJE-2201;Dijes;89000;22;TST-45-01
TST-LAM-COLLAR-2202;COLLAR LAMINADO PRUEBA TST-LAM-COLLAR-2202;Collares;123000;23;TST-45-02
TST-LAM-ANILLO-2203;ANILLO LAMINADO PRUEBA TST-LAM-ANILLO-2203;Anillos;157000;24;TST-45-03
TST-LAM-PULSERA-2204;PULSERA LAMINADO PRUEBA TST-LAM-PULSERA-2204;Pulseras;23000;25;TST-45-04
TST-LAM-TOBILLERA-2205;TOBILLERA LAMINADO PRUEBA TST-LAM-TOBILLERA-2205;Tobilleras;57000;1;TST-45-05
TST-LAM-BALIN-2206;BALIN LAMINADO PRUEBA TST-LAM-BALIN-2206;Balines;91000;27;TST-45-06
TST-LAM-HERRAJE-2207;HERRAJE LAMINADO PRUEBA TST-LAM-HERRAJE-2207;Herrajes;125000;28;TST-45-07
TST-LAM-BARRIL-2208;BARRIL LAMINADO PRUEBA TST-LAM-BARRIL-2208;Barriles;159000;29;TST-45-08
TST-PLA-TOPO-2209;TOPO PLATA PRUEBA TST-PLA-TOPO-2209;Topos;25000;30;TST-45-09
TST-PLA-CANDONGA-2210;CANDONGA PLATA PRUEBA TST-PLA-CANDONGA-2210;Candongas;59000;0;TST-45-10
TST-PLA-EARCUFF-2211;EARCUFF PLATA PRUEBA TST-PLA-EARCUFF-2211;Earcuff;93000;32;TST-45-11
TST-PLA-CADENA-2212;CADENA PLATA PRUEBA TST-PLA-CADENA-2212;Cadenas;127000;2;TST-45-12
TST-PLA-DIJE-2213;DIJE PLATA PRUEBA TST-PLA-DIJE-2213;Dijes;161000;34;TST-45-13
TST-PLA-COLLAR-2214;COLLAR PLATA PRUEBA TST-PLA-COLLAR-2214;Collares;27000;35;TST-45-14
TST-PLA-ANILLO-2215;ANILLO PLATA PRUEBA TST-PLA-ANILLO-2215;Anillos;61000;36;TST-45-15
TST-PLA-PULSERA-2216;PULSERA PLATA PRUEBA TST-PLA-PULSERA-2216;Pulseras;95000;37;TST-45-16
TST-PLA-TOBILLERA-2217;TOBILLERA PLATA PRUEBA TST-PLA-TOBILLERA-2217;Tobilleras;129000;38;TST-45-17
TST-PLA-BALIN-2218;BALIN PLATA PRUEBA TST-PLA-BALIN-2218;Balines;163000;39;TST-45-18
TST-PLA-HERRAJE-2219;HERRAJE PLATA PRUEBA TST-PLA-HERRAJE-2219;Herrajes;29000;3;TST-45-19
TST-PLA-BARRIL-2220;BARRIL PLATA PRUEBA TST-PLA-BARRIL-2220;Barriles;63000;0;TST-45-20
TST-ROD-TOPO-2221;TOPO RODIO PRUEBA TST-ROD-TOPO-2221;Topos;97000;5;TST-45-21
TST-ROD-CANDONGA-2222;CANDONGA RODIO PRUEBA TST-ROD-CANDONGA-2222;Candongas;131000;6;TST-45-22
TST-ROD-EARCUFF-2223;EARCUFF RODIO PRUEBA TST-ROD-EARCUFF-2223;Earcuff;165000;7;TST-45-23
TST-ROD-CADENA-2224;CADENA RODIO PRUEBA TST-ROD-CADENA-2224;Cadenas;31000;8;TST-45-24
TST-ROD-DIJE-2225;DIJE RODIO PRUEBA TST-ROD-DIJE-2225;Dijes;65000;9;TST-45-25
TST-ROD-COLLAR-2226;COLLAR RODIO PRUEBA TST-ROD-COLLAR-2226;Collares;99000;1;TST-45-26
TST-ROD-ANILLO-2227;ANILLO RODIO PRUEBA TST-ROD-ANILLO-2227;Anillos;133000;11;TST-45-27
TST-ROD-PULSERA-2228;PULSERA RODIO PRUEBA TST-ROD-PULSERA-2228;Pulseras;167000;12;TST-45-28
TST-ROD-TOBILLERA-2229;TOBILLERA RODIO PRUEBA TST-ROD-TOBILLERA-2229;Tobilleras;33000;13;TST-45-29
TST-ROD-BALIN-2230;BALIN RODIO PRUEBA TST-ROD-BALIN-2230;Balines;67000;0;TST-45-30
TST-ROD-HERRAJE-2231;HERRAJE RODIO PRUEBA TST-ROD-HERRAJE-2231;Herrajes;101000;15;TST-45-31
TST-ROD-BARRIL-2232;BARRIL RODIO PRUEBA TST-ROD-BARRIL-2232;Barriles;135000;16;TST-45-32
TST-LAM-TOPO-2233;TOPO LAMINADO PRUEBA TST-LAM-TOPO-2233;Topos;169000;2;TST-45-33
TST-LAM-CANDONGA-2234;CANDONGA LAMINADO PRUEBA TST-LAM-CANDONGA-2234;Candongas;35000;18;TST-45-34
TST-LAM-EARCUFF-2235;EARCUFF LAMINADO PRUEBA TST-LAM-EARCUFF-2235;Earcuff;69000;19;TST-45-35
TST-LAM-CADENA-2236;CADENA LAMINADO PRUEBA TST-LAM-CADENA-2236;Cadenas;103000;20;TST-45-36
TST-LAM-DIJE-2237;DIJE LAMINADO PRUEBA TST-LAM-DIJE-2237;Dijes;137000;21;TST-45-37
TST-LAM-COLLAR-2238;COLLAR LAMINADO PRUEBA TST-LAM-COLLAR-2238;Collares;171000;22;TST-45-38
TST-LAM-ANILLO-2239;ANILLO LAMINADO PRUEBA TST-LAM-ANILLO-2239;Anillos;37000;23;TST-45-39
TST-LAM-PULSERA-2240;PULSERA LAMINADO PRUEBA TST-LAM-PULSERA-2240;Pulseras;71000;0;TST-45-40
TST-LAM-TOBILLERA-2241;TOBILLERA LAMINADO PRUEBA TST-LAM-TOBILLERA-2241;Tobilleras;105000;25;TST-45-41
TST-LAM-BALIN-2242;BALIN LAMINADO PRUEBA TST-LAM-BALIN-2242;Balines;139000;26;TST-45-42
TST-LAM-HERRAJE-2243;HERRAJE LAMINADO PRUEBA TST-LAM-HERRAJE-2243;Herrajes;173000;27;TST-45-43
TST-LAM-BARRIL-2244;BARRIL LAMINADO PRUEBA TST-LAM-BARRIL-2244;Barriles;39000;28;TST-45-44
TST-PLA-TOPO-2245;TOPO PLATA PRUEBA TST-PLA-TOPO-2245;Topos;73000;29;TST-45-45
TST-PLA-CANDONGA-2246;CANDONGA PLATA PRUEBA TST-PLA-CANDONGA-2246;Candongas;107000;30;TST-45-46
TST-PLA-EARCUFF-2247;EARCUFF PLATA PRUEBA TST-PLA-EARCUFF-2247;Earcuff;141000;1;TST-45-47
TST-PLA-CADENA-2248;CADENA PLATA PRUEBA TST-PLA-CADENA-2248;Cadenas;175000;32;TST-45-48
TST-PLA-DIJE-2249;DIJE PLATA PRUEBA TST-PLA-DIJE-2249;Dijes;41000;33;TST-45-49
TST-PLA-COLLAR-2250;COLLAR PLATA PRUEBA TST-PLA-COLLAR-2250;Collares;75000;0;TST-45-50
TST-PLA-ANILLO-2251;ANILLO PLATA PRUEBA TST-PLA-ANILLO-2251;Anillos;109000;35;TST-46-01
TST-PLA-PULSERA-2252;PULSERA PLATA PRUEBA TST-PLA-PULSERA-2252;Pulseras;143000;36;TST-46-02
TST-PLA-TOBILLERA-2253;TOBILLERA PLATA PRUEBA TST-PLA-TOBILLERA-2253;Tobilleras;177000;37;TST-46-03
TST-PLA-BALIN-2254;BALIN PLATA PRUEBA TST-PLA-BALIN-2254;Balines;43000;2;TST-46-04
TST-PLA-HERRAJE-2255;HERRAJE PLATA PRUEBA TST-PLA-HERRAJE-2255;Herrajes;77000;39;TST-46-05
TST-PLA-BARRIL-2256;BARRIL PLATA PRUEBA TST-PLA-BARRIL-2256;Barriles;111000;40;TST-46-06
TST-ROD-TOPO-2257;TOPO RODIO PRUEBA TST-ROD-TOPO-2257;Topos;145000;4;TST-46-07
TST-ROD-CANDONGA-2258;CANDONGA RODIO PRUEBA TST-ROD-CANDONGA-2258;Candongas;179000;5;TST-46-08
TST-ROD-EARCUFF-2259;EARCUFF RODIO PRUEBA TST-ROD-EARCUFF-2259;Earcuff;45000;6;TST-46-09
TST-ROD-CADENA-2260;CADENA RODIO PRUEBA TST-ROD-CADENA-2260;Cadenas;79000;0;TST-46-10
TST-ROD-DIJE-2261;DIJE RODIO PRUEBA TST-ROD-DIJE-2261;Dijes;113000;3;TST-46-11
TST-ROD-COLLAR-2262;COLLAR RODIO PRUEBA TST-ROD-COLLAR-2262;Collares;147000;9;TST-46-12
TST-ROD-ANILLO-2263;ANILLO RODIO PRUEBA TST-ROD-ANILLO-2263;Anillos;181000;10;TST-46-13
TST-ROD-PULSERA-2264;PULSERA RODIO PRUEBA TST-ROD-PULSERA-2264;Pulseras;47000;11;TST-46-14
TST-ROD-TOBILLERA-2265;TOBILLERA RODIO PRUEBA TST-ROD-TOBILLERA-2265;Tobilleras;81000;12;TST-46-15
TST-ROD-BALIN-2266;BALIN RODIO PRUEBA TST-ROD-BALIN-2266;Balines;115000;13;TST-46-16
TST-ROD-HERRAJE-2267;HERRAJE RODIO PRUEBA TST-ROD-HERRAJE-2267;Herrajes;149000;14;TST-46-17
TST-ROD-BARRIL-2268;BARRIL RODIO PRUEBA TST-ROD-BARRIL-2268;Barriles;15000;1;TST-46-18
TST-LAM-TOPO-2269;TOPO LAMINADO PRUEBA TST-LAM-TOPO-2269;Topos;49000;16;TST-46-19
TST-LAM-CANDONGA-2270;CANDONGA LAMINADO PRUEBA TST-LAM-CANDONGA-2270;Candongas;83000;0;TST-46-20
TST-LAM-EARCUFF-2271;EARCUFF LAMINADO PRUEBA TST-LAM-EARCUFF-2271;Earcuff;117000;18;TST-46-21
TST-LAM-CADENA-2272;CADENA LAMINADO PRUEBA TST-LAM-CADENA-2272;Cadenas;151000;19;TST-46-22
TST-LAM-DIJE-2273;DIJE LAMINADO PRUEBA TST-LAM-DIJE-2273;Dijes;17000;20;TST-46-23
